"Territórios","2001","2002","2003","2004","2005","2006","2007","2008","2009","2010","2011","2012","2013","2014","2015","2016","2017","2018","2019","2020","2021","2022","2023","2024"
"Arcos de Valdevez",24686,24603,24448,24259,24062,23854,23692,23519,23297,23046,22645,22240,21944,21664,21420,21227,21076,20926,20844,20826,20754,20703,20786,20839
"Caminha",17055,17100,17088,17051,17013,16986,16959,16892,16839,16778,16724,16641,16500,16345,16177,16045,15940,15873,15848,15863,15917,16078,16324,16523
"Melgaço",9971,9949,9889,9796,9715,9630,9538,9465,9393,9301,9134,8937,8785,8652,8531,8418,8279,8136,8029,7901,7755,7654,7607,7578
"Monção",19925,19950,19919,19843,19773,19698,19615,19536,19448,19343,19187,18994,18782,18556,18361,18199,18063,17953,17890,17909,17898,17887,17974,18018
"Paredes de Coura",9565,9556,9509,9459,9429,9404,9368,9321,9280,9240,9138,9029,8952,8869,8811,8761,8706,8677,8685,8711,8703,8680,8693,8699
"Ponte da Barca",12866,12861,12798,12711,12630,12541,12458,12368,12264,12149,12037,11924,11799,11669,11532,11426,11335,11250,11194,11150,11088,11078,11142,11194
"Ponte de Lima",44297,44377,44404,44380,44332,44261,44186,44064,43888,43677,43493,43264,42898,42501,42181,41922,41657,41463,41345,41318,41240,41104,41098,41098
"Valença",14187,14235,14237,14237,14234,14221,14203,14189,14176,14161,14091,13985,13886,13768,13678,13624,13573,13530,13554,13644,13749,13867,14046,14228
"Viana do Castelo",88645,89065,89332,89496,89586,89573,89558,89438,89263,89031,88635,88131,87551,86964,86516,86213,85962,85777,85753,85995,86091,86131,86518,86878
"Vila Nova de Cerveira",8886,8963,9027,9076,9104,9133,9174,9214,9244,9275,9260,9183,9100,9023,8954,8889,8833,8818,8866,8920,8970,9099,9259,9376
"Amares",18528,18654,18731,18781,18836,18883,18926,18940,18942,18924,18893,18832,18709,18569,18454,18384,18369,18385,18433,18568,18764,19041,19398,19680
"Barcelos",122041,122368,122454,122428,122348,122222,122050,121739,121325,120787,120277,119731,118977,118209,117588,117152,116817,116655,116784,117091,116947,116664,116845,116982
"Braga",164886,167325,169499,171404,173254,175051,176769,178315,179717,180948,182122,182929,183177,183421,184022,185038,186432,188349,191066,193292,194588,196765,199919,202551
"Esposende",33380,33657,33838,33944,34038,34126,34216,34289,34327,34315,34384,34435,34372,34303,34245,34268,34365,34501,34714,35076,35519,36101,36796,37426
"Terras de Bouro",8306,8231,8133,8032,7929,7838,7740,7622,7494,7353,7193,7053,6945,6847,6758,6674,6597,6517,6445,6410,6387,6367,6377,6372
"Vila Verde",46665,47023,47288,47465,47619,47786,47924,47978,48017,48014,47892,47632,47248,46828,46484,46249,46072,45960,45962,46316,46785,47233,47836,48426
"Cabeceiras de Basto",17800,17746,17665,17556,17452,17362,17272,17162,17006,16828,16661,16503,16325,16147,16028,15916,15785,15683,15627,15627,15585,15520,15535,15549
"Fafe",52688,52729,52645,52500,52344,52164,51920,51574,51236,50890,50605,50336,49955,49551,49219,49015,48850,48677,48582,48626,48520,48358,48432,48467
"Guimarães",159568,160061,160276,160372,160299,160182,160089,159766,159266,158611,158212,157913,157300,156671,156222,156126,156245,156462,156825,157190,156907,156491,156642,156651
"Mondim de Basto",8541,8486,8402,8303,8203,8099,7988,7849,7712,7587,7464,7344,7204,7056,6926,6810,6700,6609,6530,6475,6446,6420,6407,6400
"Póvoa de Lanhoso",22709,22748,22752,22689,22604,22517,22419,22285,22117,21969,21917,21866,21725,21587,21479,21398,21346,21347,21417,21686,22003,22210,22459,22769
"Vieira do Minho",14657,14541,14393,14242,14075,13891,13720,13546,13341,13127,13026,12944,12794,12655,12511,12389,12280,12159,12075,12061,12032,11989,12023,12067
"Vila Nova de Famalicão",127879,129026,129963,130786,131539,132234,132881,133344,133651,133849,133867,133598,133102,132587,132252,132152,132169,132360,132854,133630,134076,134576,135531,136349
"Vizela",22655,22841,22993,23148,23313,23457,23577,23653,23705,23739,23747,23703,23625,23548,23493,23485,23523,23605,23694,23859,24035,24192,24413,24609
"Arouca",24144,24014,23857,23685,23499,23316,23145,22948,22735,22505,22317,22176,22005,21815,21674,21594,21506,21406,21324,21266,21141,20991,20929,20871
"Espinho",33629,33581,33477,33338,33173,33000,32808,32577,32298,31983,31866,31820,31622,31435,31301,31216,31205,31228,31247,31221,31308,31662,32139,32565
"Gondomar",164333,165268,166010,166590,167093,167584,168063,168315,168363,168278,168151,167774,167001,166151,165469,165019,164736,164588,164647,164857,165307,166463,167917,168985
"Maia",120743,122622,124354,125979,127601,129191,130761,132237,133558,134759,135536,135588,135216,134839,134621,134522,134544,134723,135053,135353,136517,138964,141463,143629
"Matosinhos",167429,168760,169921,170943,171847,172730,173611,174348,174939,175412,175813,175688,174989,174322,173811,173542,173529,173665,174027,173772,173943,175894,178351,180302
"Oliveira de Azeméis",70659,70730,70702,70557,70350,70161,69986,69711,69339,68925,68578,68200,67669,67163,66734,66393,66213,66161,66142,66299,66539,66743,67073,67374
"Paredes",83526,84159,84714,85195,85635,86072,86443,86658,86782,86843,86732,86361,85857,85356,84953,84688,84497,84364,84321,84523,84842,85179,85700,86288
"Porto",262013,260189,258055,255676,253285,250861,248323,245528,242652,239650,236964,235512,234798,234032,233612,233716,234125,234885,236170,234938,234438,239510,245893,250728
"Póvoa de Varzim",63435,63714,63910,63990,63988,63976,63955,63851,63719,63579,63554,63556,63393,63209,63133,63192,63334,63585,63992,64384,64817,65685,66892,67992
"Santa Maria da Feira",136092,136987,137729,138272,138678,139075,139421,139547,139556,139483,139295,138879,138226,137463,136859,136541,136385,136376,136544,136960,137296,137961,139195,140203
"Santo Tirso",72413,72662,72806,72856,72828,72738,72625,72434,72157,71813,71536,71186,70604,70021,69520,69094,68703,68374,68161,68037,67825,67684,67766,67770
"São João da Madeira",21136,21294,21412,21493,21571,21640,21699,21730,21744,21740,21792,21843,21815,21796,21779,21785,21839,21961,22140,22244,22520,23069,23606,24055
"Trofa",37646,37941,38172,38346,38507,38672,38806,38893,38961,39015,39035,38964,38799,38601,38451,38407,38416,38437,38502,38608,38831,39291,39789,40146
"Vale de Cambra",24732,24615,24475,24327,24153,23937,23715,23494,23269,23036,22829,22632,22380,22130,21902,21704,21547,21417,21341,21335,21317,21267,21248,21245
"Valongo",86340,87390,88360,89206,90031,90865,91693,92417,93053,93632,94008,94031,93852,93630,93505,93528,93634,93850,94201,94719,95834,97530,99288,100815
"Vila do Conde",74590,75317,75984,76568,77111,77662,78206,78668,79051,79411,79738,79824,79688,79547,79504,79647,79864,80101,80467,80969,81659,82807,84202,85372
"Vila Nova de Gaia",289354,291668,293661,295263,296737,298273,299748,300837,301661,302313,302999,303063,302295,301457,300899,300911,301428,302341,303755,304810,305429,307224,309882,312104
"Boticas",6392,6347,6293,6230,6163,6089,6011,5933,5871,5807,5699,5588,5507,5428,5355,5292,5238,5185,5124,5053,4974,4917,4892,4859
"Chaves",43563,43527,43438,43287,43084,42856,42599,42289,41949,41561,41122,40626,40110,39638,39202,38798,38444,38152,37893,37759,37583,37376,37373,37371
"Montalegre",12669,12495,12294,12072,11837,11610,11401,11172,10941,10705,10439,10224,10060,9897,9750,9615,9515,9433,9353,9304,9247,9172,9141,9121
"Ribeira de Pena",7374,7313,7246,7176,7091,7006,6933,6852,6742,6622,6498,6382,6298,6221,6160,6109,6058,6008,5967,5923,5875,5848,5849,5851
"Valpaços",19415,19227,19008,18785,18528,18269,18017,17740,17436,17104,16806,16557,16291,16030,15791,15561,15334,15121,14943,14816,14678,14571,14574,14561
"Vila Pouca de Aguiar",14929,14842,14707,14538,14366,14185,13975,13752,13540,13323,13105,12903,12717,12526,12365,12227,12092,11985,11905,11869,11830,11773,11763,11796
"Amarante",59507,59478,59350,59099,58781,58435,58038,57590,57133,56615,56125,55651,55041,54428,53914,53473,53075,52720,52434,52334,52205,52067,52154,52202
"Baião",22275,22153,22028,21888,21734,21563,21388,21194,20970,20707,20335,19928,19591,19268,18958,18667,18379,18123,17912,17745,17553,17357,17240,17145
"Castelo de Paiva",17338,17314,17306,17278,17218,17172,17130,17056,16956,16825,16714,16580,16420,16275,16130,15991,15880,15789,15701,15631,15525,15421,15420,15422
"Celorico de Basto",20439,20490,20493,20448,20390,20366,20353,20312,20258,20181,19995,19702,19378,19033,18714,18473,18233,17980,17792,17736,17694,17604,17615,17646
"Cinfães",22353,22224,22062,21870,21681,21493,21312,21106,20861,20601,20302,19995,19697,19381,19073,18812,18560,18315,18090,17908,17769,17630,17496,17363
"Felgueiras",57641,57954,58167,58291,58395,58485,58536,58497,58395,58231,58049,57807,57451,57074,56748,56548,56416,56307,56233,56127,55849,55535,55423,55326
"Lousada",44845,45289,45648,45959,46262,46566,46865,47084,47257,47381,47465,47431,47235,47044,46918,46869,46908,46994,47118,47363,47578,47780,48120,48481
"Marco de Canaveses",52460,52798,53059,53224,53338,53463,53609,53659,53624,53559,53342,52897,52303,51698,51154,50688,50294,49937,49659,49640,49637,49505,49518,49539
"Paços de Ferreira",53137,53676,54146,54544,54919,55295,55630,55903,56109,56273,56449,56457,56234,55993,55825,55742,55684,55666,55723,55793,55784,55813,55932,56026
"Penafiel",71828,72103,72323,72529,72684,72761,72805,72752,72602,72425,72253,71942,71459,70940,70520,70236,70013,69875,69802,69846,69883,69925,70160,70371
"Resende",12344,12299,12203,12100,12003,11905,11817,11720,11598,11467,11318,11151,10984,10814,10662,10554,10454,10335,10217,10130,10035,9915,9811,9695
"Alijó",14219,14007,13787,13562,13322,13086,12865,12622,12369,12103,11806,11571,11421,11259,11112,10993,10875,10765,10650,10569,10495,10402,10343,10310
"Armamar",7438,7356,7255,7134,7016,6905,6794,6667,6536,6399,6285,6186,6086,6012,5943,5878,5830,5785,5743,5733,5733,5710,5672,5643
"Carrazeda de Ansiães",7603,7514,7398,7269,7154,7044,6919,6770,6619,6470,6251,6061,5974,5902,5834,5771,5706,5648,5611,5558,5470,5411,5393,5379
"Freixo de Espada à Cinta",4174,4149,4119,4077,4027,3986,3957,3913,3865,3819,3806,3785,3718,3652,3584,3512,3448,3397,3364,3324,3259,3198,3155,3099
"Lamego",28063,28040,27948,27833,27699,27556,27428,27273,27089,26872,26650,26409,26108,25799,25506,25230,25001,24810,24639,24503,24335,24197,24146,24083
"Mesão Frio",4906,4865,4834,4801,4753,4713,4667,4609,4550,4482,4412,4327,4218,4106,3999,3901,3805,3713,3624,3567,3546,3526,3500,3467
"Moimenta da Beira",11031,10992,10937,10863,10773,10685,10595,10490,10384,10272,10163,10042,9902,9767,9652,9555,9483,9430,9386,9415,9477,9557,9675,9755
"Murça",6719,6660,6604,6524,6445,6365,6279,6186,6091,6004,5926,5846,5752,5666,5587,5514,5463,5417,5367,5311,5259,5231,5240,5243
"Penedono",3434,3403,3360,3308,3255,3208,3161,3106,3052,2995,2962,2946,2913,2874,2845,2824,2796,2775,2768,2774,2788,2793,2798,2806
"Peso da Régua",18759,18645,18538,18406,18229,18047,17889,17708,17485,17263,17044,16764,16451,16148,15855,15576,15320,15092,14875,14701,14561,14461,14415,14339
"Sabrosa",7017,6982,6920,6852,6778,6708,6645,6574,6498,6418,6302,6172,6061,5954,5859,5768,5692,5625,5564,5552,5566,5584,5616,5631
"Santa Marta de Penaguião",8529,8459,8365,8244,8113,7978,7851,7710,7567,7435,7272,7096,6956,6823,6692,6571,6459,6350,6230,6139,6075,6016,5988,5966
"São João da Pesqueira",8622,8574,8505,8440,8360,8283,8221,8134,8040,7953,7820,7665,7530,7413,7305,7196,7096,7009,6928,6871,6834,6795,6774,6758
"Sernancelhe",6211,6187,6141,6077,6018,5964,5906,5841,5778,5716,5692,5681,5634,5587,5554,5528,5506,5511,5571,5637,5678,5719,5766,5806
"Tabuaço",6762,6767,6739,6683,6626,6580,6531,6488,6449,6396,6265,6086,5923,5752,5591,5442,5290,5150,5039,5007,5031,5041,5048,5042
"Tarouca",8293,8303,8283,8262,8237,8229,8227,8191,8146,8099,7965,7809,7705,7601,7507,7441,7388,7343,7320,7333,7366,7430,7547,7660
"Torre de Moncorvo",9855,9741,9626,9504,9369,9231,9096,8955,8815,8681,8388,8078,7893,7708,7546,7396,7267,7137,7011,6896,6808,6763,6740,6688
"Vila Nova de Foz Côa",8448,8355,8240,8120,7986,7873,7778,7651,7519,7392,7231,7093,6992,6899,6814,6710,6601,6504,6416,6357,6319,6308,6344,6376
"Vila Real",50055,50458,50782,51067,51265,51414,51577,51680,51768,51875,51900,51689,51289,50871,50553,50329,50137,49966,49887,49826,49676,49631,49795,49986
"Alfândega da Fé",5930,5862,5788,5709,5621,5524,5434,5348,5264,5165,5049,4937,4841,4758,4671,4599,4542,4496,4453,4387,4309,4258,4234,4200
"Bragança",34797,34982,35097,35199,35260,35296,35343,35377,35412,35413,35592,35690,35480,35243,35029,34917,34896,34890,34934,34874,34749,34887,35231,35503
"Macedo de Cavaleiros",17389,17308,17186,17035,16858,16682,16517,16336,16139,15923,15642,15376,15178,15004,14843,14706,14605,14509,14421,14336,14228,14164,14198,14245
"Miranda do Douro",8044,8029,7988,7927,7866,7803,7749,7704,7635,7552,7438,7312,7186,7052,6945,6854,6756,6668,6599,6538,6454,6375,6326,6259
"Mirandela",25756,25663,25515,25326,25116,24917,24722,24500,24272,24030,23818,23586,23277,22982,22709,22434,22178,21939,21736,21576,21416,21328,21356,21367
"Mogadouro",11160,11024,10864,10692,10514,10356,10205,10014,9827,9657,9450,9265,9142,9024,8906,8797,8699,8613,8527,8447,8353,8277,8249,8203
"Vila Flor",7862,7769,7660,7551,7436,7318,7197,7052,6901,6772,6662,6572,6496,6412,6325,6261,6218,6169,6122,6102,6079,6042,6034,6031
"Vimioso",5297,5251,5187,5127,5074,4999,4921,4861,4802,4738,4649,4569,4514,4462,4403,4346,4292,4255,4239,4197,4153,4144,4162,4175
"Vinhais",10576,10449,10321,10175,10024,9864,9715,9554,9387,9205,8943,8723,8585,8453,8343,8228,8112,8013,7919,7815,7690,7569,7482,7403
"Águeda",48991,49047,48996,48898,48798,48660,48484,48311,48093,47875,47772,47583,47204,46827,46539,46319,46161,46027,46070,46267,46418,46579,46942,47474
"Albergaria-a-Velha",24673,24803,24898,24968,25016,25063,25124,25190,25233,25263,25329,25312,25183,25053,24928,24813,24750,24744,24797,24921,25099,25263,25552,25975
"Anadia",31443,31338,31167,30936,30684,30447,30200,29926,29640,29352,29138,28930,28639,28378,28166,27967,27782,27608,27530,27614,27782,27875,28041,28359
"Aveiro",73535,74298,74928,75459,75963,76447,76916,77367,77834,78274,78759,79073,79077,79092,79196,79391,79720,80227,81048,81446,81956,83196,84919,87096
"Estarreja",28127,28073,28007,27908,27784,27679,27573,27429,27258,27094,27057,26998,26782,26580,26431,26316,26188,26131,26209,26328,26458,26595,26877,27286
"Ílhavo",37229,37472,37676,37856,37993,38120,38258,38381,38491,38583,38661,38657,38552,38414,38342,38345,38377,38445,38665,39132,39826,40586,41534,42670
"Murtosa",9502,9652,9791,9912,10014,10135,10262,10361,10459,10559,10576,10526,10469,10405,10361,10322,10295,10307,10373,10469,10588,10696,10880,11198
"Oliveira do Bairro",21221,21473,21698,21890,22053,22221,22405,22600,22785,22950,23090,23094,22956,22830,22780,22756,22739,22780,22952,23192,23537,24012,24652,25417
"Ovar",55221,55422,55569,55601,55601,55632,55626,55598,55564,55487,55461,55386,55171,54930,54729,54618,54559,54548,54714,55030,55388,55736,56311,57208
"Sever do Vouga",13140,13119,13064,12979,12902,12818,12729,12645,12554,12449,12299,12124,11961,11807,11677,11539,11393,11274,11194,11129,11051,10964,10930,10984
"Vagos",22038,22214,22339,22419,22468,22547,22642,22730,22800,22848,22917,22900,22792,22682,22602,22560,22531,22575,22709,22915,23218,23565,24090,24810
"Arganil",13584,13476,13344,13196,13050,12905,12737,12572,12419,12262,12152,12035,11856,11691,11567,11457,11336,11226,11156,11156,11174,11155,11227,11380
"Cantanhede",37839,37823,37759,37639,37518,37383,37240,37100,36959,36778,36615,36376,35996,35627,35300,35019,34757,34547,34451,34437,34410,34419,34681,35158
"Coimbra",148260,148147,147808,147374,146896,146349,145802,145238,144617,143945,143500,143227,142820,142434,142243,142130,142043,142077,142498,142223,141727,142351,143818,145861
"Condeixa-a-Nova",15420,15608,15794,15968,16128,16286,16481,16678,16858,17029,17183,17212,17107,16991,16911,16857,16821,16784,16765,16796,16905,17099,17380,17719
"Figueira da Foz",62604,62751,62846,62852,62829,62799,62701,62571,62458,62329,62295,62026,61408,60813,60334,59911,59451,59069,58944,59149,59370,59612,60245,61034
"Góis",4840,4783,4727,4669,4608,4552,4502,4445,4383,4313,4271,4233,4174,4122,4071,4021,3964,3902,3853,3822,3794,3777,3787,3811
"Lousã",15826,16051,16249,16433,16618,16819,17039,17228,17387,17544,17626,17571,17445,17315,17215,17137,17067,17004,16957,17003,17109,17188,17318,17541
"Mealhada",20740,20762,20750,20715,20686,20673,20669,20644,20578,20501,20428,20318,20146,19969,19834,19716,19584,19458,19395,19409,19487,19584,19705,19905
"Mira",12846,12843,12819,12786,12759,12710,12654,12615,12577,12525,12502,12459,12373,12285,12198,12138,12092,12051,12055,12132,12215,12268,12407,12622
"Miranda do Corvo",13078,13109,13136,13132,13120,13143,13163,13162,13163,13148,13161,13115,12952,12792,12651,12530,12404,12256,12141,12089,12074,12051,12074,12193
"Montemor-o-Velho",25550,25667,25722,25769,25822,25877,25922,25990,26080,26164,26166,26014,25766,25497,25269,25073,24868,24674,24559,24604,24699,24721,24805,25010
"Mortágua",10347,10310,10270,10215,10127,10032,9942,9858,9770,9679,9589,9503,9414,9318,9231,9158,9086,9033,9018,9024,9020,8978,9002,9082
"Oliveira do Hospital",22067,22004,21908,21785,21656,21527,21415,21300,21162,20993,20820,20641,20423,20201,20028,19866,19712,19574,19480,19487,19492,19392,19388,19537
"Pampilhosa da Serra",5201,5144,5068,4994,4926,4859,4794,4712,4629,4548,4469,4377,4299,4258,4221,4182,4144,4107,4097,4094,4077,4073,4106,4160
"Penacova",16674,16590,16446,16290,16153,16007,15855,15707,15546,15375,15180,14960,14720,14472,14250,14032,13799,13582,13397,13246,13097,12953,12904,12935
"Penela",6571,6525,6465,6395,6317,6251,6199,6137,6078,6023,5977,5918,5832,5751,5686,5627,5560,5505,5470,5463,5487,5518,5573,5663
"Soure",20877,20743,20573,20404,20251,20111,19956,19765,19588,19405,19218,18999,18741,18478,18217,17999,17774,17554,17391,17316,17296,17214,17193,17270
"Tábua",12592,12577,12547,12494,12439,12388,12324,12274,12225,12152,12109,12028,11877,11735,11618,11505,11385,11265,11174,11207,11307,11379,11506,11693
"Vila Nova de Poiares",7063,7086,7120,7147,7168,7201,7216,7234,7261,7280,7349,7364,7269,7177,7100,7027,6949,6875,6830,6849,6940,7028,7098,7201
"Alvaiázere",8419,8334,8213,8085,7958,7840,7725,7598,7479,7372,7222,7072,6950,6824,6722,6607,6490,6388,6308,6284,6299,6300,6323,6417
"Ansião",13709,13698,13658,13602,13553,13503,13453,13384,13306,13220,13144,13019,12815,12620,12448,12284,12093,11898,11765,11735,11730,11708,11785,11898
"Batalha",15029,15173,15280,15347,15407,15479,15577,15669,15733,15796,15758,15646,15558,15476,15432,15398,15362,15352,15398,15524,15720,15984,16349,16730
"Castanheira de Pêra",3710,3670,3622,3569,3508,3447,3398,3345,3289,3234,3182,3126,3065,3003,2944,2881,2820,2775,2736,2702,2691,2688,2696,2733
"Figueiró dos Vinhos",7305,7205,7087,6963,6835,6716,6609,6496,6374,6254,6111,5983,5881,5777,5693,5620,5546,5462,5384,5330,5287,5239,5242,5298
"Leiria",120130,121279,122227,123046,123775,124471,125169,125755,126261,126722,127348,127566,127168,126801,126650,126686,126774,126948,127563,128579,129586,130762,132614,134901
"Marinha Grande",35720,36175,36568,36894,37197,37498,37794,38061,38322,38594,38754,38716,38605,38478,38398,38415,38469,38536,38699,39024,39432,39894,40576,41392
"Pedrógão Grande",4385,4364,4326,4278,4217,4156,4103,4058,4017,3965,3892,3819,3754,3691,3642,3597,3538,3485,3446,3437,3474,3514,3576,3673
"Pombal",56271,56394,56373,56296,56170,56077,56001,55860,55687,55469,55295,54936,54270,53602,53026,52490,51959,51474,51204,51331,51470,51397,51690,52300
"Porto de Mós",24260,24332,24384,24410,24419,24416,24413,24405,24397,24383,24360,24237,24007,23761,23560,23397,23232,23085,23018,23163,23414,23594,23832,24154
"Aguiar da Beira",6227,6190,6126,6045,5968,5900,5823,5726,5628,5539,5674,5818,5759,5697,5626,5555,5488,5434,5392,5361,5332,5299,5293,5314
"Carregal do Sal",10376,10351,10325,10274,10218,10165,10104,10020,9947,9879,9815,9734,9627,9531,9445,9353,9252,9179,9139,9112,9093,9082,9128,9219
"Castro Daire",16895,16798,16670,16519,16342,16172,16011,15829,15654,15468,15221,14977,14791,14619,14467,14303,14152,14012,13892,13825,13740,13653,13677,13761
"Mangualde",20945,20912,20815,20714,20617,20512,20400,20256,20125,20001,19863,19698,19488,19252,19044,18860,18665,18500,18390,18389,18396,18348,18461,18679
"Nelas",14269,14291,14282,14256,14241,14216,14205,14191,14139,14071,14048,13973,13807,13658,13518,13408,13321,13222,13155,13181,13216,13182,13239,13416
"Oliveira de Frades",10584,10589,10548,10504,10475,10442,10409,10380,10348,10301,10237,10151,10044,9929,9827,9727,9629,9562,9548,9563,9613,9641,9693,9802
"Penalva do Castelo",8969,8884,8779,8672,8575,8478,8382,8278,8162,8034,7967,7916,7808,7699,7603,7515,7439,7373,7327,7342,7349,7305,7311,7378
"Santa Comba Dão",12432,12378,12323,12239,12126,12040,11958,11867,11774,11669,11603,11520,11379,11232,11086,10949,10833,10738,10675,10700,10763,10797,10865,10974
"São Pedro do Sul",18984,18827,18623,18389,18172,17938,17675,17421,17188,16977,16714,16453,16241,16014,15812,15624,15449,15298,15202,15188,15188,15122,15132,15247
"Sátão",13124,13124,13096,13033,12956,12889,12830,12751,12653,12548,12495,12389,12164,11929,11714,11532,11368,11196,11063,11046,11047,11032,11087,11202
"Tondela",31068,30941,30764,30555,30351,30122,29894,29683,29438,29165,28737,28290,27913,27508,27174,26868,26555,26283,26101,26069,25995,25776,25738,25891
"Vila Nova de Paiva",6100,6042,5962,5857,5743,5642,5548,5449,5346,5238,5199,5173,5078,4984,4906,4830,4773,4728,4683,4683,4692,4688,4722,4795
"Viseu",93711,94718,95482,96081,96631,97134,97616,98112,98638,99114,99655,99854,99537,99220,99013,98879,98800,98859,99289,99824,100118,100302,101172,102740
"Vouzela",11864,11771,11648,11508,11373,11237,11110,10976,10819,10656,10486,10325,10187,10051,9938,9839,9718,9599,9529,9575,9674,9681,9709,9786
"Castelo Branco",55793,55994,56074,56124,56151,56151,56176,56182,56201,56221,56134,55793,55262,54714,54238,53846,53465,53081,52830,52684,52533,52486,52707,53128
"Idanha-a-Nova",11610,11432,11246,11055,10853,10660,10481,10285,10094,9883,9645,9448,9293,9141,9002,8877,8755,8635,8548,8476,8417,8405,8449,8517
"Oleiros",6648,6560,6460,6363,6261,6163,6074,5983,5885,5791,5659,5511,5388,5282,5183,5088,5005,4926,4865,4866,4913,4905,4882,4899
"Penamacor",6629,6539,6433,6343,6262,6168,6071,5968,5875,5786,5602,5412,5296,5188,5098,5011,4931,4864,4802,4781,4792,4772,4773,4809
"Proença-a-Nova",9576,9487,9376,9248,9115,8975,8852,8723,8567,8415,8272,8128,7978,7823,7679,7559,7445,7337,7244,7186,7151,7117,7097,7097
"Sertã",16684,16646,16569,16481,16401,16315,16250,16164,16064,15977,15757,15506,15340,15188,15059,14930,14847,14792,14738,14779,14856,14869,14883,14942
"Vila de Rei",3372,3396,3407,3426,3445,3445,3455,3464,3466,3468,3548,3593,3529,3475,3427,3376,3322,3280,3251,3269,3341,3395,3423,3449
"Vila Velha de Ródão",4085,4038,3985,3936,3878,3809,3742,3674,3615,3562,3558,3535,3452,3387,3339,3294,3258,3231,3222,3271,3374,3449,3491,3546
"Almeida",8402,8326,8216,8108,7988,7852,7727,7601,7483,7355,7281,7188,7009,6841,6685,6530,6358,6182,6026,5918,5832,5741,5687,5655
"Belmonte",7561,7509,7443,7364,7304,7235,7159,7079,6995,6915,6868,6799,6694,6585,6478,6402,6325,6244,6182,6169,6193,6192,6197,6241
"Celorico da Beira",8818,8715,8618,8504,8377,8263,8156,8043,7925,7796,7638,7493,7367,7237,7114,6998,6882,6774,6695,6643,6596,6552,6572,6620
"Covilhã",54389,54261,54086,53853,53591,53333,53084,52782,52438,52081,51600,50989,50336,49696,49116,48548,48029,47579,47239,46913,46548,46233,46228,46491
"Figueira de Castelo Rodrigo",7134,7070,6990,6903,6812,6714,6618,6522,6427,6333,6250,6169,6057,5935,5816,5698,5569,5442,5330,5233,5141,5078,5055,5033
"Fornos de Algodres",5606,5550,5477,5413,5364,5315,5266,5195,5120,5040,5055,5073,4990,4904,4826,4750,4664,4571,4491,4461,4441,4396,4378,4392
"Fundão",31399,31279,31104,30886,30641,30422,30226,29982,29716,29432,29028,28582,28194,27851,27573,27295,27024,26806,26652,26626,26652,26640,26806,27133
"Gouveia",16059,15897,15688,15469,15262,15069,14888,14674,14444,14212,14029,13836,13599,13384,13167,12955,12759,12563,12402,12324,12273,12176,12169,12262
"Guarda",43811,43810,43731,43636,43558,43446,43293,43137,42970,42748,42716,42621,42229,41854,41521,41194,40894,40640,40469,40362,40218,40015,39952,40029
"Manteigas",4071,4016,3968,3916,3850,3773,3705,3639,3563,3484,3446,3414,3350,3280,3217,3161,3109,3064,3028,2996,2965,2942,2935,2945
"Mêda",6197,6125,6031,5911,5811,5710,5591,5479,5378,5275,5120,4987,4925,4864,4801,4744,4702,4657,4625,4619,4614,4593,4574,4583
"Pinhel",10911,10823,10711,10576,10454,10329,10188,10036,9882,9726,9513,9289,9132,8995,8866,8736,8614,8505,8396,8255,8086,7950,7873,7833
"Sabugal",14799,14655,14453,14212,13963,13704,13458,13210,12958,12713,12617,12554,12360,12158,11965,11786,11618,11451,11345,11356,11372,11282,11240,11280
"Seia",28014,27758,27436,27090,26751,26395,26035,25662,25285,24930,24838,24701,24269,23851,23482,23121,22763,22428,22123,21938,21798,21575,21441,21426
"Trancoso",10846,10785,10689,10583,10484,10382,10273,10175,10090,9986,9863,9699,9493,9297,9127,8973,8814,8667,8553,8488,8433,8343,8301,8358
"Alcobaça",55453,55791,56072,56251,56409,56546,56664,56762,56833,56839,56834,56603,56116,55669,55320,55022,54720,54474,54469,54927,55511,56037,56849,57666
"Alenquer",39331,39858,40337,40744,41121,41514,41937,42348,42744,43123,43377,43356,43158,43021,43004,43061,43145,43261,43537,44220,45298,46408,47619,48897
"Arruda dos Vinhos",10480,10788,11084,11387,11707,12026,12342,12644,12943,13246,13460,13511,13484,13467,13483,13537,13591,13624,13719,13940,14255,14671,15116,15537
"Bombarral",13324,13349,13357,13359,13360,13377,13375,13328,13291,13248,13203,13143,13006,12849,12724,12622,12537,12474,12450,12648,13038,13391,13770,14131
"Cadaval",13977,14025,14037,14066,14092,14112,14155,14191,14225,14257,14286,14214,14031,13847,13700,13577,13443,13311,13234,13360,13670,13954,14252,14573
"Caldas da Rainha",48992,49472,49902,50241,50529,50815,51098,51340,51535,51710,51946,51950,51628,51285,51020,50817,50655,50575,50712,51053,51606,52357,53442,54676
"Lourinhã",23395,23708,23997,24255,24476,24724,24984,25240,25482,25677,25888,25948,25828,25727,25675,25643,25620,25638,25748,26114,26687,27327,28025,28681
"Nazaré",15068,15125,15145,15151,15141,15135,15132,15143,15168,15183,15197,15179,15097,15013,14968,14931,14889,14863,14882,14911,14984,15204,15525,15777
"Óbidos",10933,11050,11149,11241,11315,11395,11478,11563,11645,11734,11805,11811,11770,11714,11683,11680,11673,11661,11685,11875,12224,12619,13061,13507
"Peniche",27310,27426,27500,27555,27624,27693,27762,27797,27807,27814,27789,27657,27421,27180,26994,26850,26709,26576,26513,26552,26665,26944,27350,27673
"Sobral de Monte Agraço",8991,9137,9266,9406,9545,9669,9780,9890,10001,10113,10235,10288,10273,10258,10255,10255,10261,10293,10353,10520,10886,11297,11674,12047
"Torres Vedras",72574,73499,74345,75097,75803,76520,77284,77979,78651,79281,80058,80540,80408,80291,80338,80424,80578,80859,81446,82704,84236,85520,87061,88773
"Abrantes",42149,41915,41632,41357,41106,40817,40534,40255,39959,39637,39160,38560,37970,37419,36910,36421,35937,35463,35083,34745,34365,34015,33835,33791
"Alcanena",14564,14498,14420,14373,14301,14209,14153,14102,14022,13932,13813,13653,13490,13327,13173,13009,12844,12715,12613,12569,12558,12580,12682,12813
"Constância",3827,3855,3872,3898,3932,3964,3990,4007,4019,4039,4059,4056,4024,3984,3944,3907,3875,3844,3823,3803,3806,3850,3918,3989
"Entroncamento",18263,18522,18758,18988,19189,19369,19576,19788,19982,20147,20267,20281,20179,20072,20004,19964,19916,19871,19924,20112,20563,21117,21666,22295
"Ferreira do Zêzere",9401,9350,9273,9180,9080,8989,8918,8848,8772,8679,8600,8502,8365,8239,8131,8034,7946,7875,7829,7821,7853,7885,7958,8067
"Mação",8409,8312,8202,8093,7990,7875,7775,7663,7559,7451,7348,7248,7117,6979,6861,6757,6637,6514,6427,6405,6430,6418,6396,6401
"Ourém",46209,46372,46439,46438,46385,46320,46292,46262,46189,46071,46184,46140,45709,45281,44901,44621,44360,44142,44147,44510,45029,45483,46104,46750
"Sardoal",4105,4096,4087,4075,4061,4039,4021,4005,3983,3960,3960,3940,3871,3807,3757,3707,3657,3604,3561,3537,3538,3562,3598,3632
"Tomar",42915,42794,42636,42427,42191,41937,41688,41408,41146,40911,40586,40129,39585,39018,38487,38014,37553,37091,36773,36659,36593,36502,36658,36949
"Torres Novas",36926,36971,36950,36929,36949,36974,36974,36943,36876,36825,36777,36559,36176,35791,35466,35193,34897,34591,34362,34318,34349,34369,34560,34853
"Vila Nova da Barquinha",7595,7566,7536,7515,7491,7472,7453,7419,7376,7338,7323,7292,7228,7171,7115,7058,7021,6988,6954,7015,7190,7397,7642,7908
"Almeirim",22021,22239,22400,22553,22683,22792,22930,23086,23231,23335,23418,23369,23168,22937,22743,22559,22374,22207,22098,22116,22240,22458,22705,22954
"Alpiarça",8011,7991,7971,7951,7923,7890,7865,7840,7801,7747,7697,7636,7539,7418,7303,7198,7098,7010,6933,6939,7035,7153,7272,7412
"Azambuja",20879,21013,21118,21218,21330,21449,21563,21649,21738,21818,21835,21772,21645,21503,21397,21306,21240,21231,21292,21439,21760,22174,22648,23190
"Benavente",23480,24213,24829,25379,25942,26501,27078,27655,28205,28738,29123,29221,29115,29003,28984,28969,28931,28957,29071,29513,30312,31172,31959,32727
"Cartaxo",23454,23668,23824,23931,24034,24128,24248,24353,24426,24485,24513,24405,24159,23913,23698,23490,23292,23113,23004,23151,23514,23852,24178,24535
"Chamusca",11434,11314,11192,11062,10920,10780,10646,10503,10358,10215,9989,9748,9569,9407,9265,9111,8949,8797,8674,8597,8555,8551,8546,8540
"Coruche",21309,21207,21076,20958,20821,20702,20579,20413,20248,20085,19868,19599,19299,18981,18706,18441,18172,17905,17688,17557,17477,17413,17369,17332
"Golegã",5697,5685,5667,5635,5617,5602,5585,5568,5531,5488,5715,5929,5860,5776,5699,5627,5551,5479,5418,5384,5389,5410,5430,5465
"Rio Maior",21122,21199,21228,21226,21233,21250,21265,21258,21243,21229,21254,21216,21094,20981,20890,20834,20780,20784,20901,21080,21366,21756,22134,22497
"Salvaterra de Magos",20258,20517,20745,20952,21155,21379,21607,21794,21954,22113,22259,22246,22081,21902,21742,21577,21408,21286,21238,21496,22023,22580,23100,23582
"Santarém",63510,63526,63462,63390,63319,63214,63093,62901,62687,62453,62025,61485,60956,60394,59902,59456,58995,58642,58537,58788,59388,60050,60672,61337
"Amadora",175533,176321,176630,176483,176129,175793,175557,175419,175324,175208,174194,172953,172308,171913,171884,171862,172076,172384,172929,172819,172690,174132,176680,179930
"Cascais",171997,176354,180305,183826,187205,190581,194050,197635,201258,204767,207494,208470,208301,208456,209219,210172,211250,212337,213838,214965,214462,215551,218431,220988
"Lisboa",563312,562774,561407,559217,556867,554681,552882,551526,550466,549210,545506,542338,541974,542865,545394,548189,551090,554033,558461,555228,547010,551331,562325,571435
"Loures",198975,200394,201444,202041,202453,202832,203250,203761,204251,204740,202489,199812,199424,199437,199780,200021,200397,200853,201705,202487,202660,203560,205742,208471
"Mafra",55259,57482,59675,61832,64001,66245,68560,70885,73184,75499,77228,78025,78501,79112,79959,80826,81732,82771,84059,86009,87560,88635,89739,90688
"Odivelas",134077,135687,136942,137881,138694,139512,140496,141609,142710,143851,144874,145345,145396,145657,146217,146773,147441,148107,148911,149127,148953,150132,152425,154993
"Oeiras",162347,163792,165020,165991,166889,167860,168884,169883,170876,171786,172142,171978,171627,171413,171565,171758,171959,172235,172896,172590,171798,172843,174764,176772
"Sintra",363575,366907,369353,370797,371843,372823,373903,375179,376377,377301,378409,378787,377938,377420,377869,378589,379484,380697,382758,385702,387196,388951,393097,398238
"Vila Franca de Xira",123356,125126,126672,128065,129417,130754,132132,133560,134925,136224,137097,137105,136634,136386,136420,136514,136699,136928,137429,138004,137936,138073,138958,140082
"Alcochete",13191,13649,14097,14541,14983,15436,15909,16385,16861,17329,17691,17860,17951,18079,18226,18352,18504,18669,18862,19133,19375,19646,19962,20282
"Almada",161294,163249,164921,166247,167370,168510,169756,171083,172394,173634,174741,175060,174689,174592,174839,175210,175679,176158,177094,177961,178043,178671,180302,182438
"Barreiro",78963,79120,79206,79192,79138,79100,79087,79059,79034,78969,78982,78878,78494,78165,78003,77936,77972,78097,78479,78806,78762,78856,79486,80549
"Moita",67332,67401,67382,67279,67077,66855,66697,66545,66376,66176,66186,66173,65839,65553,65375,65208,65108,65096,65269,66067,66860,67438,68400,69675
"Montijo",39682,41014,42237,43351,44455,45608,46842,48109,49359,50593,51551,51973,52075,52206,52478,52839,53245,53701,54428,55543,56546,57479,58620,59905
"Palmela",53765,54858,55882,56806,57700,58643,59626,60575,61474,62395,63634,64503,64632,64817,65157,65515,65909,66290,66899,68415,69879,70958,72296,73700
"Seixal",150362,151819,152926,153734,154434,155084,155785,156522,157217,157928,159192,160064,160002,160140,160468,160871,161524,162361,163544,165794,167695,169153,171683,175023
"Sesimbra",38057,39342,40583,41759,42938,44117,45321,46566,47765,48928,49828,50184,50215,50292,50450,50603,50824,51102,51434,52163,53043,54004,55058,56040
"Setúbal",114140,115210,116087,116800,117444,118132,118855,119594,120307,120950,121811,122208,121884,121717,121790,121923,122109,122439,123121,123941,123706,123195,123405,123944
"Alcácer do Sal",14231,14129,14013,13901,13785,13659,13541,13404,13250,13119,12959,12723,12485,12277,12082,11887,11707,11554,11435,11318,11181,11086,11069,11059
"Grândola",14917,14974,15009,15012,14985,14955,14947,14948,14937,14902,14783,14630,14499,14361,14255,14159,14053,13959,13910,13913,13954,13997,14084,14196
"Odemira",26110,26233,26263,26261,26236,26211,26220,26199,26166,26138,25975,25833,25875,25991,26232,26531,26851,27339,28250,29268,30186,31312,32529,33495
"Santiago do Cacém",31048,30983,30887,30755,30614,30473,30333,30179,30038,29886,29669,29439,29187,28898,28614,28358,28139,27952,27846,27880,27987,28083,28186,28270
"Sines",13592,13702,13785,13856,13919,13972,14036,14099,14160,14225,14390,14488,14419,14349,14291,14243,14197,14176,14190,14245,14376,14557,14708,14784
"Aljustrel",10520,10392,10241,10097,9965,9832,9702,9578,9454,9333,9256,9210,9153,9090,9021,8964,8923,8882,8864,8888,8909,8908,8915,8923
"Almodôvar",8124,8078,8012,7939,7864,7799,7741,7657,7575,7501,7466,7423,7301,7182,7083,6991,6912,6843,6789,6757,6758,6728,6692,6673
"Alvito",2677,2659,2647,2641,2630,2611,2598,2578,2551,2526,2566,2584,2532,2479,2421,2371,2323,2287,2261,2266,2291,2281,2271,2291
"Barrancos",1923,1926,1921,1917,1915,1902,1883,1868,1857,1845,1828,1800,1766,1732,1697,1661,1627,1596,1562,1541,1517,1478,1444,1423
"Beja",35766,35829,35863,35913,35960,35981,36017,36015,35982,35939,35956,35858,35536,35215,34906,34625,34356,34086,33942,33764,33627,33631,33728,33896
"Castro Verde",7600,7580,7553,7530,7504,7480,7458,7427,7385,7325,7319,7323,7270,7217,7170,7124,7074,7026,7001,6957,6926,6946,6961,6956
"Cuba",4991,4987,4962,4937,4926,4916,4911,4907,4904,4895,4933,4945,4864,4788,4719,4638,4559,4483,4423,4403,4406,4429,4460,4470
"Ferreira do Alentejo",8978,8916,8837,8754,8684,8622,8556,8475,8389,8316,8257,8181,8080,7985,7895,7815,7744,7678,7647,7695,7789,7850,7888,7907
"Mértola",8669,8529,8377,8241,8097,7951,7816,7663,7512,7374,7134,6910,6806,6711,6622,6537,6457,6383,6328,6295,6266,6214,6158,6102
"Moura",16537,16444,16322,16182,16035,15878,15730,15589,15434,15268,15073,14857,14629,14408,14203,13993,13781,13582,13427,13364,13336,13320,13324,13326
"Ourique",6173,6109,6042,5976,5903,5827,5735,5629,5538,5460,5429,5390,5307,5229,5152,5078,5011,4954,4903,4867,4839,4821,4824,4807
"Serpa",16705,16655,16554,16433,16330,16226,16135,16027,15896,15756,15551,15315,15086,14854,14635,14428,14227,14016,13859,13829,13806,13756,13738,13702
"Vidigueira",6173,6148,6127,6109,6078,6049,6026,5999,5980,5957,5889,5794,5704,5620,5548,5474,5391,5315,5264,5228,5215,5230,5235,5245
"Alter do Chão",3933,3906,3869,3832,3794,3756,3727,3697,3653,3607,3610,3595,3522,3450,3380,3312,3252,3200,3138,3099,3113,3148,3172,3201
"Arronches",3381,3368,3350,3321,3290,3268,3253,3232,3214,3193,3205,3210,3161,3108,3063,3024,2984,2941,2892,2843,2804,2782,2772,2768
"Avis",5182,5131,5082,5024,4958,4900,4842,4782,4711,4627,4550,4461,4356,4255,4167,4085,3998,3920,3858,3827,3825,3805,3793,3781
"Campo Maior",8405,8455,8469,8480,8494,8487,8467,8464,8484,8481,8454,8424,8398,8357,8311,8271,8231,8199,8175,8142,8073,7994,7936,7897
"Castelo de Vide",3855,3817,3779,3733,3683,3635,3601,3555,3500,3450,3470,3483,3424,3378,3333,3283,3236,3194,3156,3168,3198,3206,3204,3189
"Crato",4326,4271,4206,4133,4060,3990,3932,3884,3827,3766,3769,3761,3684,3612,3548,3480,3422,3372,3308,3267,3252,3253,3269,3262
"Elvas",23364,23396,23388,23373,23370,23332,23259,23197,23151,23122,23076,22900,22603,22299,21996,21700,21447,21238,21064,20927,20749,20543,20432,20369
"Fronteira",3725,3696,3663,3633,3606,3572,3550,3527,3493,3450,3423,3386,3315,3254,3206,3154,3091,3035,2988,2953,2948,2947,2958,2974
"Gavião",4869,4793,4718,4647,4566,4487,4415,4331,4251,4185,4149,4097,4003,3897,3803,3714,3627,3549,3465,3412,3392,3371,3343,3294
"Marvão",4019,3977,3926,3873,3831,3782,3730,3684,3628,3564,3510,3465,3411,3354,3298,3243,3197,3145,3088,3055,3059,3053,3031,3022
"Monforte",3407,3405,3404,3401,3397,3396,3385,3363,3353,3343,3336,3314,3267,3213,3160,3111,3065,3022,2990,2989,3003,2991,2989,3010
"Nisa",8559,8464,8367,8245,8118,8018,7923,7789,7661,7549,7421,7264,7095,6929,6764,6583,6401,6256,6138,6033,5906,5778,5705,5659
"Ponte de Sor",18087,17995,17896,17763,17609,17447,17305,17172,17017,16846,16686,16516,16322,16124,15943,15762,15589,15460,15363,15327,15298,15240,15212,15165
"Portalegre",25957,25882,25780,25699,25630,25560,25472,25338,25205,25060,24813,24508,24236,23964,23688,23425,23172,22946,22743,22522,22328,22151,21983,21834
"Sousel",5762,5701,5634,5579,5515,5439,5367,5297,5224,5139,5062,4978,4890,4795,4700,4622,4552,4481,4415,4390,4409,4409,4398,4402
"Alandroal",6554,6504,6436,6361,6275,6207,6155,6075,5989,5909,5812,5713,5622,5520,5432,5358,5271,5184,5115,5060,5034,5020,5003,4985
"Arraiolos",7614,7594,7573,7567,7548,7531,7511,7474,7430,7388,7298,7182,7093,6999,6911,6834,6763,6704,6657,6639,6680,6730,6761,6824
"Borba",7760,7726,7690,7649,7612,7571,7537,7489,7434,7381,7306,7207,7117,7024,6920,6823,6730,6643,6550,6495,6475,6433,6401,6388
"Estremoz",15631,15517,15399,15288,15167,15028,14895,14752,14589,14415,14191,13947,13741,13564,13417,13278,13127,12988,12872,12787,12745,12679,12589,12516
"Évora",56552,56682,56757,56836,56891,56937,56969,56908,56817,56716,56618,56415,56047,55632,55270,54953,54637,54380,54245,54053,53883,53834,53862,53923
"Montemor-o-Novo",18560,18513,18434,18339,18239,18125,18006,17871,17717,17560,17377,17185,16984,16773,16597,16432,16263,16104,15988,15958,15984,15949,15924,15932
"Mora",5759,5690,5616,5534,5456,5374,5300,5231,5146,5047,4997,4949,4847,4752,4669,4573,4467,4367,4282,4224,4196,4183,4166,4158
"Mourão",3204,3162,3116,3067,3001,2932,2872,2814,2755,2696,2657,2629,2590,2559,2523,2485,2451,2410,2378,2361,2370,2391,2410,2428
"Portel",7085,7035,6978,6922,6864,6802,6736,6664,6583,6488,6356,6230,6164,6088,5993,5900,5813,5750,5703,5699,5740,5750,5737,5736
"Redondo",7295,7283,7263,7253,7234,7189,7150,7125,7101,7072,7019,6948,6868,6777,6693,6615,6532,6454,6399,6355,6310,6281,6286,6295
"Reguengos de Monsaraz",11366,11330,11276,11232,11185,11127,11067,10992,10935,10880,10800,10708,10593,10459,10345,10242,10126,10033,9974,9932,9894,9853,9855,9858
"Vendas Novas",11638,11700,11749,11791,11832,11853,11861,11866,11871,11864,11857,11821,11738,11644,11548,11457,11370,11271,11214,11248,11324,11407,11494,11564
"Viana do Alentejo",5626,5658,5675,5687,5705,5723,5749,5762,5762,5760,5815,5841,5755,5667,5603,5543,5480,5422,5385,5392,5426,5471,5519,5565
"Vila Viçosa",8857,8832,8798,8747,8682,8617,8568,8512,8443,8375,8281,8189,8109,8011,7905,7794,7692,7606,7514,7436,7396,7352,7311,7284
"Albufeira",31802,32967,33995,34866,35723,36614,37515,38437,39377,40328,40984,41212,41322,41527,41904,42336,42808,43364,44053,44425,44546,45610,47019,48166
"Alcoutim",3743,3661,3571,3479,3395,3314,3223,3130,3045,2968,2914,2875,2827,2780,2741,2703,2661,2628,2601,2566,2528,2485,2436,2407
"Aljezur",5304,5406,5489,5550,5597,5645,5692,5736,5798,5865,5824,5725,5686,5664,5662,5686,5722,5772,5856,6012,6138,6210,6310,6432
"Castro Marim",6610,6647,6677,6687,6678,6685,6710,6724,6734,6749,6707,6638,6595,6550,6505,6473,6453,6431,6425,6463,6535,6644,6765,6901
"Faro",58266,59154,59938,60597,61229,61862,62489,63108,63721,64316,65211,65801,65738,65724,65883,66153,66498,66968,67633,68011,67924,68392,69196,69908
"Lagoa",20733,21075,21349,21570,21784,22009,22235,22448,22661,22878,22988,22938,22838,22766,22778,22855,22970,23107,23300,23629,23950,24289,24712,25227
"Lagos",25586,26315,26948,27477,27966,28488,29048,29614,30184,30767,31113,31159,31146,31166,31313,31554,31842,32195,32701,33350,33631,33865,34349,34897
"Loulé",59559,61022,62275,63357,64356,65378,66539,67760,68946,70099,70463,70135,69885,69757,69891,70124,70446,70952,71643,72396,72538,72967,74000,75087
"Monchique",6942,6880,6786,6672,6567,6479,6394,6303,6213,6124,5996,5864,5767,5690,5633,5574,5522,5483,5452,5465,5457,5393,5343,5330
"Olhão",40961,41520,41979,42413,42852,43276,43720,44191,44682,45162,45342,45137,44834,44535,44352,44260,44185,44161,44291,44647,44750,44721,44931,45248
"Portimão",45212,46541,47739,48782,49772,50791,51878,52977,54058,55128,56007,56345,56342,56451,56734,57080,57511,58155,59046,59837,60194,61227,62627,63773
"São Brás de Alportel",10050,10150,10218,10266,10307,10352,10412,10491,10569,10638,10719,10752,10725,10721,10760,10804,10842,10899,11019,11203,11329,11427,11551,11667
"Silves",33948,34402,34782,35098,35400,35689,35980,36296,36642,36993,36975,36716,36559,36448,36430,36466,36545,36702,37046,37609,38086,38597,39226,39903
"Tavira",25017,25212,25383,25482,25573,25670,25799,25941,26055,26168,26164,26106,26097,26129,26226,26395,26608,26828,27156,27532,27609,27599,27767,28071
"Vila do Bispo",5330,5347,5360,5357,5337,5319,5312,5290,5269,5269,5267,5258,5252,5260,5278,5317,5363,5419,5520,5671,5781,5841,5906,5992
"Vila Real de Santo António",17981,18187,18334,18425,18503,18601,18735,18881,19007,19118,19143,19043,18907,18795,18735,18714,18735,18794,18868,18940,18946,19037,19235,19430
"Vila do Porto",5577,5584,5582,5572,5570,5579,5592,5594,5586,5567,5560,5554,5528,5494,5458,5428,5418,5408,5384,5399,5454,5496,5506,5503
"Lagoa [R.A.A.]",14130,14190,14236,14276,14315,14350,14387,14414,14421,14428,14418,14401,14382,14325,14255,14211,14177,14145,14121,14187,14361,14592,14823,15025
"Nordeste",5276,5259,5227,5195,5167,5130,5095,5062,5032,4988,4941,4904,4858,4799,4736,4676,4613,4555,4498,4452,4437,4438,4437,4438
"Ponta Delgada",65962,66379,66746,67068,67408,67770,68085,68339,68562,68737,68928,69056,68981,68710,68366,68080,67855,67682,67544,67509,67683,68112,68569,68898
"Povoação",6707,6692,6660,6616,6581,6548,6507,6462,6419,6361,6298,6253,6199,6130,6075,6018,5940,5879,5848,5843,5862,5879,5875,5875
"Ribeira Grande",28605,29010,29367,29734,30109,30445,30813,31205,31558,31893,32184,32298,32246,32073,31858,31706,31591,31494,31423,31479,31656,31900,32161,32339
"Vila Franca do Campo",11129,11178,11192,11191,11192,11198,11215,11233,11231,11216,11200,11159,11074,10953,10836,10731,10608,10498,10411,10376,10369,10374,10393,10383
"Angra do Heroísmo",35596,35625,35635,35673,35695,35705,35713,35683,35610,35489,35478,35491,35354,35123,34843,34592,34359,34166,34005,33933,33923,33911,33849,33744
"Vila da Praia da Vitória",20281,20407,20516,20598,20674,20760,20859,20956,21009,21033,21005,20888,20733,20539,20301,20080,19901,19744,19595,19523,19571,19644,19704,19801
"Santa Cruz da Graciosa",4779,4747,4707,4662,4619,4582,4548,4516,4478,4431,4385,4348,4308,4262,4220,4182,4156,4135,4115,4102,4102,4111,4106,4085
"Calheta [R.A.A.]",4058,4041,4029,4015,3981,3942,3910,3880,3851,3809,3757,3728,3701,3664,3626,3579,3538,3505,3483,3479,3500,3516,3504,3490
"Velas",5597,5607,5597,5576,5556,5534,5518,5498,5471,5436,5410,5382,5335,5278,5210,5150,5104,5066,5015,4967,4951,4951,4952,4951
"Lajes do Pico",5032,4999,4969,4934,4899,4868,4836,4793,4758,4734,4699,4660,4624,4575,4523,4472,4433,4399,4368,4366,4387,4394,4394,4401
"Madalena",6137,6130,6128,6127,6112,6103,6105,6090,6073,6060,6068,6115,6156,6163,6156,6160,6178,6200,6248,6321,6399,6463,6509,6546
"São Roque do Pico",3619,3592,3572,3550,3521,3497,3474,3454,3432,3404,3395,3391,3374,3338,3302,3282,3263,3245,3229,3224,3259,3325,3385,3436
"Horta",15065,15075,15060,15067,15079,15074,15064,15059,15036,15006,14994,14963,14897,14797,14672,14558,14470,14395,14350,14384,14427,14433,14451,14466
"Lajes das Flores",1506,1511,1513,1508,1502,1506,1514,1517,1514,1514,1509,1499,1489,1475,1461,1449,1442,1430,1419,1416,1415,1428,1443,1451
"Santa Cruz das Flores",2490,2478,2454,2427,2409,2392,2376,2354,2331,2309,2289,2267,2238,2207,2172,2139,2104,2067,2036,2026,2052,2072,2084,2106
"Corvo",425,425,423,420,418,417,416,416,417,417,412,407,407,403,397,393,390,388,384,385,401,424,435,436
"Calheta [R.A.M.]",11923,11964,11961,11910,11862,11817,11793,11751,11671,11585,11463,11325,11188,11024,10877,10781,10718,10710,10765,10891,10974,10972,11069,11270
"Câmara de Lobos",34674,34978,35153,35278,35420,35564,35693,35741,35719,35686,35520,35128,34619,34029,33430,32955,32564,32287,32150,32210,32330,32386,32604,33015
"Funchal",104399,105709,106779,107684,108500,109345,110189,110862,111370,111795,112079,111674,110646,109322,107936,106947,106372,106074,105965,106137,106352,106702,107282,107846
"Machico",21745,21893,21991,22035,22045,22060,22052,22013,21957,21889,21796,21612,21339,20996,20638,20341,20089,19866,19698,19666,19656,19584,19573,19637
"Ponta do Sol",8157,8274,8376,8466,8534,8606,8689,8740,8786,8840,8855,8793,8695,8565,8427,8341,8295,8287,8335,8388,8434,8506,8624,8815
"Porto Moniz",2915,2904,2889,2870,2851,2832,2814,2794,2772,2741,2730,2715,2669,2617,2566,2537,2517,2500,2508,2500,2485,2497,2514,2563
"Ribeira Brava",12523,12683,12827,12971,13087,13165,13247,13316,13361,13384,13384,13309,13158,12969,12765,12625,12570,12585,12679,12749,12788,12846,12972,13201
"Santa Cruz",30301,31734,33120,34466,35805,37154,38512,39847,41159,42413,43054,42969,42685,42307,41932,41690,41602,41625,41753,42115,42666,43250,43857,44497
"Santana",8750,8685,8605,8511,8395,8276,8169,8062,7939,7801,7655,7503,7357,7204,7049,6911,6800,6722,6677,6624,6554,6492,6473,6502
"São Vicente",6179,6174,6138,6078,6020,5979,5946,5904,5843,5772,5650,5514,5398,5255,5124,5027,4949,4897,4867,4872,4875,4865,4920,5048
"Porto Santo",4518,4630,4745,4854,4955,5058,5161,5263,5351,5437,5496,5485,5448,5398,5327,5265,5223,5186,5160,5158,5186,5285,5461,5640
