"Territórios","2001 (#4)","2002 (#4)","2003 (#4)","2004 (#4)","2005 (#4)","2006 (#4)","2001 (#5)","2002 (#5)","2003 (#5)","2004 (#5)","2005 (#5)","2006 (#5)","2007 (#4)","2008 (#4)","2009 (#4)","2010 (#4)","2011 (#4)","2012 (#4)","2007 (#5)","2008 (#5)","2009 (#5)","2010 (#5)","2011 (#5)","2012 (#5)","2013 (#4)","2014 (#4)","2015 (#4)","2016 (#4)","2017 (#4)","2018 (#4)","2013 (#5)","2014 (#5)","2015 (#5)","2016 (#5)","2017 (#5)","2018 (#5)","2019 (#4)","2020 (#4)","2021 (#4)","2022 (#4)","2023 (#4)","2024 (#4)","2019 (#5)","2020 (#5)","2021 (#5)","2022 (#5)","2023 (#5)","2024 (#5)"
"Arcos de Valdevez",1604,1502,1391,1303,1228,1181,1521,1540,1572,1556,1488,1398,1161,1132,1088,1053,1022,981,1292,1200,1150,1114,1089,1070,936,914,930,939,930,931,1027,963,908,876,860,845,929,898,872,871,872,853,844,885,921,933,962,990
"Caminha",1214,1163,1097,1019,985,982,1205,1206,1204,1202,1178,1127,975,957,926,887,848,805,1080,1028,981,970,964,933,767,757,752,739,734,719,884,830,778,744,716,694,700,676,661,662,673,690,694,719,742,758,764,760
"Melgaço",524,489,469,432,403,408,558,559,528,505,495,467,419,427,424,412,380,336,442,425,396,380,387,388,305,292,292,294,293,297,379,359,327,295,275,259,288,264,249,237,235,244,255,264,271,273,285,290
"Monção",1297,1237,1136,1043,1005,969,1353,1370,1383,1363,1295,1217,926,899,883,862,848,829,1160,1083,1016,994,955,890,798,765,740,715,691,689,836,798,758,734,726,719,689,690,688,691,715,742,709,712,708,695,714,734
"Paredes de Coura",627,609,578,556,537,526,614,597,598,596,599,606,527,521,486,437,404,382,592,565,555,552,543,525,364,360,368,366,371,381,494,441,385,358,344,332,391,400,398,395,404,410,329,347,364,380,397,407
"Ponte da Barca",910,872,833,787,748,728,902,887,876,868,845,813,709,697,705,698,671,648,778,743,707,679,663,642,623,597,595,596,586,565,621,612,594,574,566,553,539,525,505,492,504,501,542,553,568,572,562,550
"Ponte de Lima",3383,3163,2972,2828,2711,2683,3446,3423,3379,3323,3235,3081,2708,2726,2710,2696,2652,2565,2879,2703,2587,2503,2483,2488,2491,2442,2422,2401,2387,2369,2470,2423,2381,2341,2295,2280,2325,2278,2238,2176,2108,2055,2278,2298,2311,2314,2321,2302
"Valença",904,875,843,826,798,758,968,960,942,924,897,875,728,720,725,715,721,728,851,817,806,786,746,715,704,683,684,684,677,668,707,704,683,684,690,669,662,656,633,623,634,642,659,673,686,696,702,710
"Viana do Castelo",6137,5817,5510,5250,5082,4996,6988,6885,6735,6509,6208,5869,4928,4847,4808,4771,4693,4606,5584,5321,5093,4939,4832,4706,4572,4574,4589,4555,4469,4390,4562,4466,4398,4339,4302,4333,4302,4230,4168,4127,4074,3996,4427,4512,4499,4419,4382,4356
"Vila Nova de Cerveira",566,544,524,509,497,491,606,619,611,592,585,571,496,507,514,518,513,493,550,531,516,504,491,486,461,440,434,431,426,440,489,487,481,475,460,428,451,441,440,452,463,469,413,418,426,439,469,491
"Amares",1556,1489,1400,1340,1300,1256,1536,1530,1532,1508,1465,1432,1231,1236,1223,1197,1178,1159,1379,1304,1264,1237,1192,1157,1143,1144,1166,1156,1137,1123,1143,1107,1064,1048,1047,1052,1090,1058,1057,1045,1033,1044,1078,1127,1144,1149,1164,1155
"Barcelos",9528,9174,8850,8499,8251,8145,10888,10362,9877,9523,9162,8771,8103,8049,7991,7947,7844,7727,8478,8210,7934,7738,7626,7518,7650,7579,7542,7492,7340,7146,7395,7285,7236,7214,7208,7254,6959,6724,6473,6249,6087,5972,7304,7392,7396,7234,7057,6882
"Braga",12395,12013,11739,11469,11240,11165,14006,13915,13736,13540,13316,12934,11178,11206,11229,11134,10979,10872,12516,12190,11878,11598,11424,11331,10770,10772,10953,11096,11125,11136,11272,11233,11127,11010,10952,10935,11031,10826,10674,10578,10518,10513,11062,11282,11370,11410,11521,11507
"Esposende",2647,2542,2446,2379,2327,2274,2883,2847,2765,2677,2581,2463,2252,2241,2201,2159,2152,2117,2357,2279,2231,2185,2132,2103,2058,2026,2030,2034,2033,2025,2076,2014,1959,1952,1940,1916,1994,1942,1893,1873,1877,1897,1907,1951,2015,2062,2098,2108
"Terras de Bouro",639,597,554,522,501,481,585,599,604,584,551,519,459,449,448,440,425,417,484,456,438,431,420,396,398,365,344,339,331,330,378,366,353,341,340,333,337,340,341,334,324,312,315,307,315,321,332,349
"Vila Verde",3872,3719,3547,3381,3219,3141,3824,3806,3800,3785,3745,3632,3137,3140,3138,3141,3116,3016,3468,3293,3141,3012,2941,2905,2920,2872,2849,2823,2817,2801,2858,2799,2737,2701,2659,2624,2739,2692,2667,2617,2554,2515,2625,2674,2734,2799,2854,2854
"Cabeceiras de Basto",1456,1386,1309,1229,1186,1173,1441,1426,1400,1365,1309,1246,1165,1168,1173,1159,1129,1095,1186,1124,1066,1040,1040,1040,1062,1028,1002,967,939,930,1030,1018,985,944,924,916,913,907,922,915,895,869,905,909,906,902,917,916
"Fafe",4051,3879,3688,3518,3401,3328,4323,4212,4086,3961,3802,3634,3276,3213,3146,3076,2991,2912,3489,3320,3174,3081,3023,2978,2874,2849,2856,2874,2839,2761,2910,2832,2752,2690,2663,2666,2675,2592,2484,2367,2290,2251,2676,2726,2766,2736,2687,2632
"Guimarães",12389,11845,11387,11026,10711,10544,13426,13117,12792,12478,12047,11544,10487,10352,10156,9989,9805,9619,11066,10645,10307,10032,9879,9811,9462,9407,9425,9419,9253,8981,9685,9504,9371,9260,9180,9139,8694,8349,8015,7771,7628,7452,9172,9276,9272,9056,8799,8545
"Mondim de Basto",737,673,626,592,558,546,644,651,645,637,625,582,552,550,535,522,510,488,526,491,475,459,457,460,461,443,431,404,381,376,445,416,389,377,367,354,363,348,339,323,305,289,352,359,352,347,361,362
"Póvoa de Lanhoso",1991,1888,1776,1663,1568,1491,1899,1892,1855,1825,1776,1682,1450,1428,1403,1382,1363,1341,1571,1472,1385,1323,1285,1276,1324,1317,1300,1284,1263,1258,1267,1229,1194,1180,1180,1187,1245,1236,1228,1208,1189,1172,1211,1238,1260,1266,1290,1308
"Vieira do Minho",1175,1085,1020,966,924,895,1154,1138,1113,1089,1032,952,867,847,826,803,782,751,886,836,806,796,784,756,719,699,692,680,666,649,725,693,658,640,629,616,615,574,546,521,506,503,616,633,637,637,640,626
"Vila Nova de Famalicão",9018,8678,8436,8226,8058,8090,10544,10232,9931,9668,9366,8995,8183,8197,8223,8239,8170,8080,8636,8374,8139,7917,7880,7899,8038,8021,8035,7987,7887,7767,7837,7805,7791,7758,7735,7757,7574,7334,7114,6929,6781,6666,7788,7872,7874,7805,7753,7623
"Vizela",1781,1738,1698,1665,1669,1704,1777,1782,1793,1816,1805,1762,1725,1718,1702,1667,1611,1588,1720,1682,1643,1639,1664,1666,1586,1582,1591,1570,1506,1443,1636,1600,1551,1500,1492,1503,1374,1304,1264,1239,1217,1190,1515,1552,1551,1492,1436,1378
"Arouca",1894,1796,1704,1610,1525,1463,2038,1982,1901,1807,1728,1657,1418,1390,1382,1366,1333,1314,1579,1499,1423,1362,1321,1276,1292,1266,1257,1233,1208,1190,1244,1225,1199,1182,1180,1169,1156,1119,1098,1085,1085,1094,1163,1177,1169,1150,1142,1114
"Espinho",2269,2117,1972,1836,1775,1776,2512,2449,2372,2319,2215,2061,1785,1798,1792,1752,1707,1666,1938,1825,1724,1676,1662,1647,1629,1590,1581,1602,1591,1563,1637,1615,1587,1574,1575,1585,1554,1540,1482,1445,1454,1434,1579,1584,1620,1636,1640,1666
"Gondomar",10946,10552,10171,9815,9613,9605,12350,12074,11881,11668,11342,10965,9605,9592,9513,9375,9253,9158,10586,10150,9723,9464,9383,9300,9095,9117,9282,9377,9343,9252,9232,9138,9000,8890,8848,8844,9070,8785,8512,8340,8258,8232,8889,9084,9263,9352,9385,9299
"Maia",7835,7623,7409,7216,7087,7031,8920,8916,8894,8861,8747,8480,7025,6988,6934,6921,6951,7010,8121,7777,7460,7217,7076,7014,7128,7283,7460,7596,7666,7707,6924,6838,6792,6779,6815,6937,7663,7562,7498,7459,7486,7554,7114,7283,7490,7742,7947,8047
"Matosinhos",11004,10580,10227,9933,9785,9802,12770,12631,12498,12264,11865,11403,9780,9670,9555,9350,9053,8884,10951,10542,10180,9960,9866,9718,8756,8680,8769,8869,8877,8828,9538,9383,9186,8925,8780,8707,8685,8429,8254,8222,8353,8533,8668,8724,8847,8982,9062,9044
"Oliveira de Azeméis",4858,4689,4565,4415,4275,4176,5343,5169,4983,4844,4697,4542,4084,4045,4005,3927,3843,3757,4417,4312,4168,4035,3935,3820,3669,3648,3683,3668,3606,3547,3755,3692,3600,3537,3521,3519,3441,3303,3204,3124,3042,2998,3551,3648,3689,3637,3594,3517
"Paredes",6404,6229,6091,5959,5850,5811,7345,7131,6897,6660,6457,6254,5723,5658,5662,5607,5510,5515,6069,5910,5730,5583,5503,5371,5531,5534,5603,5641,5581,5513,5277,5242,5163,5100,5176,5258,5406,5280,5210,5103,4952,4819,5311,5413,5471,5451,5443,5399
"Porto",16021,14929,14136,13568,13104,12878,20009,19155,18200,17273,16411,15527,12765,12488,12071,11660,11492,11539,14723,14052,13461,12906,12760,12975,11594,11750,11931,11910,11792,11644,13129,13196,13290,13380,13451,13541,11343,10868,10548,10440,10434,10503,13675,13410,12935,12973,13020,12723
"Póvoa de Varzim",4736,4498,4297,4087,3947,3906,5298,5121,4968,4839,4664,4427,3885,3869,3869,3888,3881,3834,4212,4032,3839,3704,3666,3648,3765,3728,3728,3741,3765,3792,3631,3630,3640,3646,3639,3635,3777,3721,3675,3626,3608,3641,3668,3719,3767,3839,3932,3985
"Santa Maria da Feira",9336,9041,8770,8520,8350,8306,10492,10206,9925,9694,9413,9062,8264,8244,8169,8023,7929,7905,8721,8403,8147,7978,7895,7817,7853,7837,7917,7869,7741,7674,7754,7640,7499,7450,7466,7488,7532,7269,7081,6958,6817,6718,7541,7673,7687,7629,7663,7618
"Santo Tirso",4880,4729,4633,4539,4419,4335,5629,5465,5254,5035,4838,4685,4278,4182,4103,4026,3942,3886,4572,4489,4398,4273,4153,4036,3847,3827,3831,3805,3730,3650,3893,3785,3721,3676,3650,3648,3529,3374,3207,3056,2957,2871,3661,3700,3704,3653,3604,3519
"São João da Madeira",1459,1418,1381,1351,1325,1330,1623,1576,1554,1540,1513,1470,1342,1324,1287,1257,1225,1193,1423,1381,1344,1313,1312,1310,1188,1194,1197,1193,1199,1193,1279,1230,1200,1182,1165,1181,1172,1145,1134,1128,1128,1153,1219,1237,1248,1279,1292,1287
"Trofa",2778,2714,2652,2622,2607,2603,3023,2978,2932,2870,2801,2740,2591,2554,2486,2417,2378,2353,2685,2631,2610,2599,2570,2522,2331,2322,2313,2281,2252,2212,2461,2384,2326,2309,2302,2297,2144,2070,2005,1955,1930,1904,2305,2289,2254,2250,2238,2197
"Vale de Cambra",1794,1668,1583,1511,1414,1362,1892,1846,1776,1712,1676,1601,1358,1330,1290,1259,1222,1163,1499,1429,1366,1282,1235,1226,1112,1081,1052,1027,1009,1010,1190,1147,1128,1108,1070,1043,1012,991,949,917,902,873,1028,1022,1020,1007,1007,1015
"Valongo",6015,5812,5634,5469,5370,5366,6922,6783,6700,6657,6547,6328,5376,5338,5288,5225,5144,5108,6064,5814,5567,5396,5349,5322,5143,5179,5227,5275,5315,5317,5270,5207,5141,5056,5005,5029,5245,5167,5146,5114,5114,5149,5061,5149,5295,5447,5543,5551
"Vila do Conde",5381,5234,5015,4836,4712,4671,5776,5688,5692,5665,5527,5384,4679,4670,4649,4620,4535,4457,5201,4957,4756,4634,4581,4545,4435,4440,4460,4425,4382,4386,4489,4413,4348,4275,4221,4221,4361,4325,4377,4430,4429,4442,4254,4301,4336,4403,4507,4566
"Vila Nova de Gaia",18575,18042,17503,17069,16766,16679,21586,21083,20658,20231,19719,19084,16680,16625,16515,16457,16389,16236,18411,17700,17083,16807,16779,16674,16150,16229,16543,16734,16759,16693,16552,16397,16137,15899,15778,15786,16363,15871,15528,15327,15234,15257,15959,16341,16592,16750,16889,16749
"Boticas",445,430,400,363,338,324,377,387,401,413,401,377,308,290,284,279,255,230,362,339,311,295,287,270,217,202,192,188,184,186,245,233,222,198,182,175,196,205,205,200,192,183,165,162,165,169,179,195
"Chaves",3019,2876,2735,2599,2468,2370,3097,3041,2967,2891,2773,2642,2309,2250,2189,2133,2029,1906,2532,2426,2333,2252,2176,2094,1818,1762,1747,1734,1710,1730,1989,1870,1754,1645,1576,1546,1735,1702,1677,1643,1585,1542,1544,1603,1642,1640,1698,1746
"Montalegre",829,797,733,675,633,593,780,761,744,723,686,664,566,546,522,513,504,479,641,586,547,525,497,480,458,444,424,392,363,343,458,422,395,378,365,358,326,315,317,316,301,285,355,361,356,346,346,346
"Ribeira de Pena",535,511,493,476,448,416,518,520,516,494,462,432,386,363,361,375,382,371,414,399,381,362,342,318,349,321,300,290,279,278,299,294,296,294,283,266,277,259,246,254,261,253,246,246,256,260,274,285
"Valpaços",1281,1211,1126,1040,983,947,1172,1175,1165,1124,1051,980,906,870,854,822,762,707,921,859,804,783,779,752,667,632,611,600,575,559,717,683,627,575,550,532,551,542,537,540,543,529,518,530,550,548,560,580
"Vila Pouca de Aguiar",1019,964,912,854,808,779,1073,1045,984,937,876,799,756,749,738,719,690,662,746,708,677,653,646,642,628,596,583,579,561,538,636,608,566,537,523,507,518,500,477,448,429,421,494,514,542,548,548,546
"Amarante",4676,4509,4298,4095,3923,3793,4817,4653,4524,4409,4248,4089,3719,3692,3652,3600,3539,3478,3937,3759,3593,3441,3329,3263,3399,3331,3337,3299,3202,3118,3218,3154,3075,3025,3020,3010,3039,2942,2855,2751,2657,2597,3013,3113,3156,3100,3065,3025
"Baião",1682,1599,1536,1491,1475,1467,1700,1691,1671,1637,1584,1509,1438,1396,1338,1283,1254,1218,1460,1416,1376,1367,1343,1278,1168,1141,1141,1110,1058,1039,1206,1124,1053,1029,1018,1007,1041,1011,959,913,872,829,1011,1034,1029,997,995,1009
"Castelo de Paiva",1302,1242,1198,1140,1104,1097,1399,1352,1297,1258,1216,1158,1095,1089,1084,1079,1057,1024,1112,1082,1046,1024,1017,1007,1000,999,1013,1014,1011,1019,992,978,959,938,923,917,1006,957,913,882,846,804,934,968,979,978,992,993
"Celorico de Basto",1804,1740,1647,1566,1506,1445,1652,1665,1678,1674,1648,1617,1387,1347,1320,1296,1240,1200,1560,1478,1417,1387,1330,1242,1201,1189,1146,1107,1084,1036,1170,1114,1069,1022,1008,1025,970,928,918,901,892,890,1031,1028,1028,1028,1012,977
"Cinfães",1651,1573,1494,1408,1349,1321,1700,1634,1586,1553,1503,1422,1300,1286,1292,1279,1233,1192,1350,1279,1214,1181,1164,1143,1149,1093,1047,1025,1025,1039,1114,1090,1058,1015,987,965,1034,1014,984,935,875,822,939,922,927,954,992,1005
"Felgueiras",4544,4395,4302,4230,4202,4254,4906,4791,4712,4601,4444,4295,4293,4261,4242,4221,4115,4023,4170,4088,4005,3976,4022,4028,3978,3942,3902,3841,3737,3595,3961,3910,3879,3786,3720,3723,3411,3220,3088,2957,2824,2737,3726,3706,3654,3561,3447,3293
"Lousada",3586,3492,3393,3301,3242,3245,3761,3712,3683,3660,3617,3538,3279,3334,3386,3409,3412,3374,3438,3338,3247,3168,3137,3142,3292,3252,3287,3284,3246,3184,3171,3198,3197,3198,3182,3132,3063,2928,2829,2740,2688,2697,3118,3176,3201,3192,3159,3067
"Marco de Canaveses",4063,3939,3809,3711,3662,3649,4312,4191,4082,4010,3940,3840,3648,3703,3747,3741,3712,3647,3735,3617,3527,3494,3449,3374,3577,3532,3519,3497,3443,3345,3344,3305,3239,3203,3185,3184,3231,3115,3003,2922,2847,2773,3202,3271,3323,3305,3244,3162
"Paços de Ferreira",3924,3852,3799,3809,3796,3762,4406,4300,4183,4098,4054,4011,3791,3856,3850,3812,3816,3814,3946,3876,3848,3794,3700,3668,3776,3752,3799,3832,3779,3690,3695,3677,3641,3646,3652,3644,3572,3412,3297,3197,3118,3076,3634,3694,3745,3695,3612,3509
"Penafiel",5815,5605,5416,5213,5039,4961,6118,6006,5858,5723,5577,5403,4952,4998,5036,5042,4985,4902,5227,5058,4884,4743,4655,4598,4822,4750,4710,4646,4526,4376,4587,4581,4551,4511,4495,4485,4253,4149,4069,4008,3955,3856,4467,4498,4491,4400,4300,4224
"Resende",931,882,829,784,757,750,840,854,869,850,824,791,768,772,767,776,764,711,743,704,677,668,671,683,665,644,624,617,602,584,676,649,627,598,556,524,568,548,515,494,479,459,514,523,549,553,546,542
"Alijó",1021,974,911,847,793,743,960,955,952,911,849,816,680,628,604,580,551,525,781,733,678,637,604,562,506,493,481,477,472,463,527,508,483,459,450,450,455,451,442,439,435,420,451,460,469,466,467,468
"Armamar",510,474,438,405,384,381,562,541,526,499,450,400,388,389,389,379,364,337,375,357,342,329,329,333,313,297,290,291,296,305,327,322,309,293,275,261,305,298,277,259,246,234,253,263,280,294,310,316
"Carrazeda de Ansiães",450,414,394,372,356,347,507,488,461,443,413,369,339,324,298,282,274,258,336,319,309,303,299,291,247,246,242,236,233,220,277,252,233,227,216,211,202,196,200,200,200,205,213,211,210,214,210,206
"Freixo de Espada à Cinta",227,213,203,195,186,184,239,239,232,231,227,218,187,190,193,196,190,176,208,200,196,191,187,182,163,153,151,151,150,149,174,167,157,143,139,136,147,140,134,129,128,127,131,137,144,148,151,152
"Lamego",2153,1999,1871,1762,1700,1666,2132,2163,2144,2097,2006,1868,1630,1597,1574,1549,1504,1473,1740,1643,1567,1536,1511,1457,1453,1421,1400,1396,1366,1323,1403,1343,1271,1216,1214,1231,1300,1259,1217,1176,1145,1111,1238,1263,1294,1286,1270,1271
"Mesão Frio",419,378,338,312,294,279,413,421,413,399,380,355,282,293,290,277,260,230,324,296,276,264,254,249,207,202,207,214,219,220,247,234,220,203,183,175,216,197,186,179,163,155,174,183,199,210,217,217
"Moimenta da Beira",874,826,778,723,689,672,810,822,831,817,764,708,664,664,661,652,635,607,672,636,600,593,593,581,580,563,553,535,512,501,565,538,511,488,471,462,488,463,451,444,436,440,465,491,507,509,519,521
"Murça",470,432,408,382,356,340,455,470,471,458,429,391,341,340,334,331,312,284,360,342,324,309,299,297,264,249,247,246,251,252,293,278,265,252,236,224,252,247,234,221,202,183,213,215,227,242,255,265
"Penedono",260,245,224,200,177,163,224,220,220,216,211,207,157,157,164,162,157,152,196,178,163,153,144,137,150,149,147,146,144,140,137,137,131,126,121,123,132,129,133,137,135,128,131,139,147,148,146,141
"Peso da Régua",1422,1322,1227,1159,1125,1111,1451,1427,1403,1349,1273,1195,1117,1134,1131,1107,1059,999,1118,1061,1029,1020,1014,999,943,889,857,838,807,771,978,939,887,841,810,790,755,726,698,685,659,623,767,759,764,754,741,740
"Sabrosa",486,465,435,422,404,383,477,471,471,457,427,411,377,370,354,346,341,327,392,369,368,364,347,340,310,296,282,268,262,258,326,300,281,273,261,254,254,256,263,259,252,244,251,247,249,257,262,267
"Santa Marta de Penaguião",566,534,497,456,428,407,659,612,576,553,510,473,393,381,368,361,353,341,450,421,393,376,354,334,332,327,322,324,333,339,318,301,292,288,282,281,324,300,274,241,215,208,290,297,306,322,334,327
"São João da Pesqueira",667,627,593,555,525,529,601,597,586,599,597,563,541,539,526,504,466,428,535,513,487,474,483,482,411,406,409,406,385,358,458,425,389,356,341,346,343,341,339,337,330,319,349,356,370,364,349,347
"Sernancelhe",465,436,412,388,368,354,437,440,438,428,409,388,350,353,352,356,356,335,370,355,345,342,330,319,307,295,289,279,281,282,309,290,280,279,272,265,276,268,249,228,219,210,269,279,288,301,308,306
"Tabuaço",524,515,498,466,443,424,464,473,478,487,478,461,403,398,392,380,368,345,455,446,426,418,397,361,318,305,294,279,271,263,341,316,290,275,254,233,243,231,224,213,206,201,229,235,247,258,262,252
"Tarouca",627,601,569,545,535,534,645,626,608,585,560,540,547,552,537,516,485,451,518,492,476,471,476,484,434,438,451,457,444,431,471,435,400,373,352,344,415,394,386,390,391,388,354,389,422,431,441,443
"Torre de Moncorvo",600,574,542,517,494,465,607,609,594,576,548,516,442,429,410,397,386,348,496,477,465,441,408,383,308,292,280,266,259,252,362,335,315,300,268,244,234,217,208,205,205,200,242,245,250,254,252,245
"Vila Nova de Foz Côa",501,462,428,399,384,379,507,499,488,480,464,431,380,374,363,350,342,333,398,376,360,350,345,343,317,302,292,281,265,251,331,309,287,276,271,265,242,231,223,222,212,208,256,257,262,258,255,260
"Vila Real",3394,3257,3117,3024,2975,2928,4005,3928,3841,3714,3526,3369,2893,2870,2844,2836,2825,2799,3228,3078,2977,2918,2844,2757,2749,2702,2719,2734,2716,2733,2680,2604,2557,2538,2525,2510,2757,2670,2549,2471,2388,2321,2505,2552,2603,2623,2681,2749
"Alfândega da Fé",345,327,308,293,282,275,366,353,339,332,316,296,273,268,254,243,234,220,276,259,255,252,248,246,213,203,189,183,186,183,236,220,208,202,195,189,177,174,166,153,149,151,180,173,173,179,180,178
"Bragança",2346,2229,2127,2045,1981,1951,2588,2555,2522,2453,2347,2226,1910,1850,1804,1764,1742,1745,2129,2061,2017,1984,1951,1878,1772,1826,1914,1972,1961,1891,1797,1759,1745,1770,1852,1975,1768,1626,1514,1475,1478,1489,2105,2163,2141,2090,1992,1864
"Macedo de Cavaleiros",1209,1113,1038,1002,970,922,1186,1189,1174,1132,1063,989,898,874,808,751,734,704,919,872,866,857,820,791,679,682,684,677,667,651,757,682,614,602,592,587,631,618,604,592,584,565,610,637,643,644,652,654
"Miranda do Douro",478,443,400,371,358,345,515,523,521,501,471,452,345,362,363,354,348,329,426,387,363,358,345,330,307,293,283,272,259,243,329,310,283,269,259,248,233,228,223,222,224,229,238,247,259,256,249,244
"Mirandela",1738,1640,1564,1510,1470,1452,1880,1818,1762,1694,1586,1467,1432,1385,1318,1271,1239,1201,1376,1315,1273,1267,1282,1269,1153,1127,1110,1082,1067,1058,1214,1127,1066,1042,1026,1021,1014,956,916,874,839,839,1040,1044,1029,1038,1055,1031
"Mogadouro",741,664,602,557,522,507,667,694,708,692,661,615,486,466,453,425,391,379,554,505,470,445,439,425,369,354,342,328,317,306,405,387,360,334,324,320,291,284,282,281,276,269,319,315,306,305,311,305
"Vila Flor",517,478,434,385,352,338,569,545,522,506,473,430,338,339,336,324,300,277,395,354,318,298,289,291,269,268,271,277,284,282,293,285,269,250,231,225,272,261,249,234,221,212,233,251,270,282,288,287
"Vimioso",306,295,275,260,248,234,324,323,310,292,277,269,222,210,194,189,193,190,257,244,238,232,220,203,183,181,177,163,152,151,181,157,149,156,159,160,142,133,123,117,121,124,165,166,157,155,165,165
"Vinhais",651,587,538,502,467,442,601,619,612,589,565,524,417,389,369,351,338,328,477,445,427,415,398,366,316,303,288,275,259,241,327,297,269,252,247,251,227,218,206,205,214,210,252,250,257,252,239,233
"Águeda",3427,3251,3089,2938,2780,2684,3640,3597,3500,3397,3296,3156,2638,2621,2595,2545,2493,2437,3003,2877,2770,2654,2581,2525,2346,2285,2314,2340,2328,2326,2481,2435,2370,2317,2276,2212,2307,2248,2190,2150,2155,2159,2193,2270,2339,2344,2375,2411
"Albergaria-a-Velha",1721,1644,1533,1458,1398,1356,1895,1862,1827,1765,1716,1676,1357,1380,1381,1366,1372,1367,1586,1469,1404,1357,1315,1312,1358,1357,1367,1373,1363,1350,1317,1298,1280,1282,1281,1288,1339,1303,1266,1267,1281,1288,1312,1349,1378,1377,1382,1403
"Anadia",1937,1809,1714,1647,1602,1567,2263,2179,2058,1948,1830,1698,1525,1474,1436,1406,1381,1376,1606,1545,1505,1497,1478,1422,1379,1363,1375,1400,1382,1351,1358,1313,1284,1259,1251,1267,1328,1283,1235,1200,1173,1159,1276,1333,1410,1415,1417,1438
"Aveiro",4808,4652,4497,4370,4261,4231,5652,5608,5531,5448,5332,5139,4242,4219,4205,4211,4212,4196,4940,4750,4568,4409,4369,4387,4202,4242,4324,4369,4359,4332,4369,4375,4424,4458,4453,4481,4226,4063,3956,3916,3945,4079,4557,4562,4526,4535,4570,4591
"Estarreja",1964,1846,1759,1669,1608,1576,2079,2045,2010,1978,1902,1813,1548,1525,1527,1534,1538,1546,1738,1678,1608,1555,1520,1482,1513,1462,1427,1390,1346,1342,1451,1439,1435,1432,1426,1391,1342,1325,1314,1314,1317,1319,1371,1376,1370,1356,1386,1427
"Ílhavo",2528,2433,2331,2210,2150,2152,2722,2671,2652,2654,2586,2457,2149,2151,2157,2153,2141,2112,2353,2258,2156,2115,2125,2105,2068,2057,2076,2056,2033,2040,2080,2050,2014,1989,1963,1932,2023,1996,2007,2027,2062,2119,1953,2027,2075,2123,2212,2286
"Murtosa",641,618,605,598,585,589,692,694,692,670,663,654,611,616,619,641,647,626,631,614,612,607,605,612,605,580,555,550,554,557,604,589,587,579,552,528,554,555,559,555,553,575,509,501,519,545,573,603
"Oliveira do Bairro",1292,1248,1189,1148,1130,1120,1541,1513,1492,1460,1394,1329,1124,1151,1168,1191,1228,1242,1275,1222,1183,1161,1142,1135,1229,1223,1241,1244,1233,1230,1144,1146,1154,1170,1174,1173,1233,1208,1180,1205,1267,1307,1180,1218,1267,1296,1336,1392
"Ovar",3663,3536,3397,3299,3254,3219,4281,4104,3926,3785,3641,3494,3203,3200,3181,3173,3165,3146,3357,3229,3148,3113,3084,3063,3140,3142,3170,3186,3161,3118,3029,2990,2976,2963,2959,2988,3021,2908,2826,2733,2673,2699,3021,3094,3169,3177,3185,3171
"Sever do Vouga",887,840,800,762,736,718,1022,997,949,893,830,771,695,689,694,684,658,631,741,723,711,703,681,638,611,596,595,585,574,573,606,586,566,547,527,514,567,555,543,523,504,483,518,547,561,559,571,582
"Vagos",1574,1529,1468,1409,1385,1358,1654,1644,1636,1613,1564,1508,1339,1345,1348,1361,1357,1325,1466,1420,1374,1367,1342,1307,1286,1256,1211,1188,1182,1166,1287,1258,1245,1242,1222,1200,1159,1156,1155,1157,1185,1220,1199,1180,1192,1218,1237,1283
"Arganil",806,764,726,691,669,657,811,821,816,802,762,713,644,633,640,635,611,590,674,639,614,609,603,583,564,521,484,470,463,451,561,550,528,505,492,470,440,444,439,414,405,422,440,432,447,464,480,494
"Cantanhede",2380,2233,2097,1969,1895,1873,2815,2709,2607,2524,2393,2227,1847,1828,1811,1768,1711,1680,2092,1969,1867,1823,1803,1751,1688,1697,1701,1686,1650,1586,1687,1625,1554,1498,1487,1530,1532,1521,1526,1526,1548,1581,1580,1627,1659,1652,1623,1621
"Coimbra",9302,8636,8144,7780,7537,7418,11952,11472,11021,10540,10016,9467,7393,7375,7243,7097,7025,7003,8932,8480,8090,7790,7603,7513,7022,7138,7267,7334,7302,7163,7496,7453,7482,7576,7666,7768,6986,6703,6414,6288,6264,6265,7957,7796,7480,7399,7319,7286
"Condeixa-a-Nova",813,792,776,770,757,752,980,977,970,942,918,900,763,774,769,762,763,769,855,818,797,778,774,775,781,818,870,882,867,870,761,729,699,690,696,711,877,858,856,888,916,935,748,809,848,862,894,937
"Figueira da Foz",3713,3524,3324,3157,3068,3025,4419,4268,4129,3971,3780,3600,2986,2958,2939,2918,2858,2795,3435,3255,3119,3068,3012,2910,2801,2851,2865,2824,2801,2792,2798,2694,2613,2543,2518,2566,2774,2793,2839,2836,2818,2794,2660,2745,2781,2826,2912,2992
"Góis",262,253,246,244,235,222,283,273,256,246,238,236,214,200,193,193,184,175,228,226,232,232,219,202,179,182,179,182,179,166,179,164,155,143,137,144,148,139,142,151,155,154,149,152,166,174,170,167
"Lousã",914,879,844,825,838,870,1187,1151,1110,1084,1038,979,892,902,909,915,924,921,936,904,884,898,917,905,907,908,923,926,933,948,879,851,825,817,812,800,933,916,922,935,936,943,813,855,889,916,948,961
"Mealhada",1308,1226,1151,1091,1064,1063,1498,1480,1439,1380,1308,1231,1067,1076,1072,1039,1000,964,1163,1099,1054,1039,1030,1016,925,917,951,972,992,1022,1005,984,942,902,871,840,1011,968,952,946,936,944,851,917,968,1007,1055,1068
"Mira",828,795,744,710,707,699,909,881,869,845,791,748,673,650,627,611,605,606,718,685,668,672,664,633,603,600,597,573,540,521,600,564,544,534,533,535,513,509,517,526,545,572,540,554,557,544,546,564
"Miranda do Corvo",807,783,770,773,757,737,885,857,833,808,795,784,730,716,713,725,717,711,766,760,762,750,729,698,715,694,693,705,692,673,655,626,616,601,605,621,648,616,602,581,564,580,612,613,636,658,677,680
"Montemor-o-Velho",1593,1522,1441,1396,1393,1388,1731,1725,1733,1738,1701,1624,1375,1373,1343,1289,1230,1181,1527,1437,1399,1411,1405,1364,1142,1115,1123,1133,1137,1131,1318,1247,1167,1105,1073,1056,1116,1094,1085,1063,1056,1082,1049,1085,1123,1136,1152,1165
"Mortágua",660,603,567,534,503,490,808,777,740,694,653,610,483,467,459,446,424,408,569,545,519,500,490,470,392,386,388,385,371,362,440,418,404,387,378,370,354,337,323,319,327,333,366,381,391,380,378,385
"Oliveira do Hospital",1426,1349,1279,1202,1144,1128,1434,1438,1423,1394,1346,1270,1122,1122,1139,1147,1140,1117,1207,1153,1097,1065,1061,1046,1093,1091,1095,1071,1029,997,1022,1007,988,975,964,963,958,908,868,848,834,809,983,1026,1045,1020,1007,992
"Pampilhosa da Serra",287,273,247,222,208,195,262,263,264,268,267,260,192,206,210,196,186,169,252,228,205,198,186,178,138,120,124,122,117,120,184,175,151,138,126,103,119,110,108,110,114,117,96,104,108,118,132,142
"Penacova",1049,958,874,815,784,768,1243,1181,1120,1045,979,921,754,764,773,747,717,712,851,784,748,734,720,694,694,669,676,688,675,642,681,663,623,595,595,595,609,592,575,555,545,541,591,603,618,618,608,601
"Penela",356,324,302,290,277,281,404,393,380,358,342,319,299,304,298,305,303,287,288,273,274,267,274,289,280,271,263,254,242,231,283,264,259,253,238,232,229,228,231,237,245,253,228,232,240,240,243,258
"Soure",1175,1082,1003,944,902,874,1427,1358,1296,1232,1158,1092,857,852,862,871,862,858,1020,957,917,890,858,820,860,843,824,811,784,749,787,765,744,729,739,757,726,724,742,753,754,750,755,762,785,782,768,769
"Tábua",818,790,759,732,708,690,826,818,804,783,762,743,681,674,670,666,655,626,724,698,671,651,635,625,606,593,576,564,570,568,611,595,573,546,517,503,546,543,540,515,511,526,500,501,523,564,588,594
"Vila Nova de Poiares",450,445,435,436,434,418,510,504,497,487,471,458,398,392,383,375,395,423,448,440,439,436,413,380,426,423,422,401,366,342,361,345,332,347,372,376,329,319,319,326,333,336,372,378,376,357,345,350
"Alvaiázere",468,448,423,412,423,423,530,518,488,445,410,394,416,414,401,381,361,332,386,374,375,398,398,377,311,303,292,277,265,250,359,331,299,277,261,252,237,234,236,239,250,260,252,259,271,274,270,270
"Ansião",772,737,719,718,717,704,889,880,851,797,743,703,693,683,658,638,620,594,684,687,705,717,698,661,565,568,592,605,606,595,626,575,534,508,484,465,576,555,547,552,561,555,487,540,580,599,605,607
"Batalha",1009,957,886,842,834,844,1071,1092,1107,1084,1034,991,854,871,889,888,885,885,933,857,821,822,832,836,885,874,868,860,852,829,839,831,813,812,810,812,792,781,788,798,821,849,824,839,848,862,866,866
"Castanheira de Pêra",193,187,179,169,168,171,229,222,209,192,180,171,165,158,155,153,148,146,165,156,149,150,154,147,148,147,140,132,126,122,136,126,119,118,126,133,122,120,115,113,111,105,134,133,131,129,130,137
"Figueiró dos Vinhos",401,397,388,375,359,351,467,429,392,364,347,335,346,338,328,312,286,263,334,333,321,309,307,302,248,235,234,246,248,236,285,266,246,219,203,203,225,213,198,193,199,212,201,202,220,230,231,235
"Leiria",8039,7786,7533,7337,7294,7341,9256,9093,8937,8725,8402,8072,7400,7427,7341,7196,7063,6978,7797,7583,7463,7469,7495,7456,6912,6949,7062,7102,7022,6944,7369,7197,7016,6874,6797,6785,6890,6736,6665,6709,6694,6661,6923,7144,7239,7198,7225,7330
"Marinha Grande",2020,1943,1875,1813,1793,1819,2705,2630,2566,2467,2299,2141,1839,1847,1873,1913,1940,1962,2042,1962,1891,1864,1881,1888,1978,1998,2024,2025,2027,2054,1886,1886,1895,1903,1908,1914,2075,2076,2092,2094,2077,2066,1953,2016,2049,2082,2164,2248
"Pedrógão Grande",232,221,202,193,196,200,221,222,224,217,211,209,204,212,213,212,197,181,202,191,188,196,204,200,173,165,163,164,158,152,193,182,166,148,139,134,151,152,159,156,148,141,133,143,155,161,169,181
"Pombal",3709,3525,3400,3299,3209,3153,4047,3966,3819,3697,3573,3409,3127,3074,2983,2897,2811,2729,3257,3175,3138,3111,3059,2970,2686,2687,2703,2710,2680,2626,2832,2654,2510,2427,2383,2377,2551,2484,2459,2445,2466,2480,2443,2562,2648,2666,2670,2678
"Porto de Mós",1596,1483,1397,1312,1252,1249,1821,1796,1746,1679,1608,1511,1254,1274,1308,1331,1341,1332,1404,1324,1254,1207,1198,1185,1306,1298,1309,1297,1280,1264,1187,1199,1209,1221,1224,1212,1239,1219,1193,1180,1182,1173,1216,1272,1315,1320,1331,1336
"Aguiar da Beira",440,424,396,371,359,345,379,389,395,397,375,351,338,339,337,331,322,301,338,322,307,307,307,301,275,264,256,241,234,226,291,274,253,242,232,222,209,201,204,205,211,217,222,225,229,235,237,230
"Carregal do Sal",708,681,653,612,581,572,723,705,685,672,650,618,567,556,557,571,562,543,593,568,543,527,522,511,532,508,484,465,454,446,488,472,467,451,438,439,439,444,450,446,443,450,427,416,419,429,445,462
"Castro Daire",1182,1096,1018,950,894,869,1159,1146,1117,1076,1012,924,878,900,917,928,906,837,843,786,745,727,735,755,773,737,716,698,688,691,765,753,733,700,645,612,693,685,672,656,628,608,608,623,639,656,689,720
"Mangualde",1463,1397,1328,1245,1164,1118,1517,1480,1436,1407,1369,1316,1089,1079,1083,1076,1040,1007,1255,1188,1112,1055,1029,997,976,952,946,939,936,945,965,939,916,883,861,850,948,936,923,888,858,842,854,879,904,920,956,994
"Nelas",984,910,843,781,736,726,1077,1070,1050,1019,956,876,721,695,677,684,667,628,815,775,732,698,696,686,619,613,610,630,656,665,639,597,581,555,523,518,671,680,675,673,680,677,527,560,616,665,695,724
"Oliveira de Frades",810,776,743,717,688,665,750,752,744,744,751,735,645,626,608,602,597,599,698,673,659,642,628,606,592,568,547,540,529,512,573,535,512,501,507,508,509,510,498,477,477,473,499,500,517,525,524,534
"Penalva do Castelo",627,584,534,516,502,478,653,653,656,627,568,525,460,436,405,402,400,391,485,445,437,437,422,399,396,395,384,371,352,335,364,321,306,305,308,319,342,348,346,349,352,342,321,327,338,336,336,360
"Santa Comba Dão",858,787,734,677,630,615,917,901,871,848,807,743,612,604,599,601,594,582,690,652,611,577,569,559,569,557,538,520,506,504,536,516,501,484,474,473,504,496,505,512,495,493,473,474,482,495,519,539
"São Pedro do Sul",1284,1184,1131,1091,1021,972,1302,1274,1222,1167,1119,1053,963,947,929,925,903,861,974,940,924,893,863,845,817,798,791,778,781,790,813,774,752,738,720,708,779,767,748,701,664,632,729,757,774,789,808,821
"Sátão",1026,953,887,831,791,781,1009,1018,1002,955,907,846,773,761,757,734,707,691,783,744,707,688,700,692,669,663,667,648,613,585,653,618,576,548,552,555,544,510,498,490,496,506,570,599,608,594,590,573
"Tondela",1955,1878,1797,1731,1656,1613,2099,2004,1934,1867,1777,1702,1613,1583,1534,1522,1476,1385,1630,1581,1555,1515,1493,1485,1321,1307,1316,1306,1282,1268,1430,1350,1302,1253,1193,1155,1232,1187,1156,1126,1110,1098,1177,1252,1294,1283,1289,1282
"Vila Nova de Paiva",464,438,413,385,365,351,417,419,414,399,381,357,335,321,315,304,287,267,339,322,302,292,288,278,255,245,238,240,242,235,266,256,249,243,231,226,232,230,217,211,213,215,226,223,233,241,241,250
"Viseu",6788,6424,6094,5817,5645,5553,7611,7558,7485,7332,7018,6620,5504,5486,5501,5519,5499,5432,6271,5961,5734,5631,5551,5432,5377,5370,5418,5464,5463,5428,5312,5223,5146,5083,5041,5054,5385,5318,5213,5139,5137,5109,5143,5277,5379,5425,5497,5610
"Vouzela",758,716,686,658,628,603,889,858,797,724,672,634,596,598,590,561,536,516,600,591,590,579,563,553,493,485,497,500,487,479,541,516,477,453,443,432,470,454,440,427,406,388,434,464,488,485,492,499
"Castelo Branco",3219,3078,2943,2871,2839,2802,3762,3700,3624,3531,3389,3240,2786,2796,2780,2710,2637,2587,3098,2993,2958,2938,2872,2777,2507,2461,2501,2544,2535,2488,2690,2596,2473,2385,2353,2319,2450,2415,2369,2359,2405,2412,2354,2431,2481,2497,2497,2533
"Idanha-a-Nova",504,467,441,422,407,400,561,555,532,505,480,448,390,379,368,345,321,314,415,396,387,383,377,362,311,306,318,330,323,319,345,328,296,269,268,268,310,294,290,286,289,306,273,290,310,324,341,357
"Oleiros",365,331,314,304,280,265,378,383,376,362,350,326,261,248,235,240,238,216,299,290,286,269,252,238,190,177,175,169,159,158,214,188,177,169,157,149,151,132,123,120,114,117,151,166,176,175,178,181
"Penamacor",292,267,264,269,267,269,289,299,300,292,284,266,273,267,254,246,233,213,247,248,260,264,261,256,196,182,180,178,168,158,240,215,199,184,167,152,151,144,141,140,140,144,144,155,168,171,174,179
"Proença-a-Nova",610,550,514,493,462,441,624,620,597,579,560,523,437,426,412,408,404,389,485,465,458,442,418,396,362,342,327,317,305,290,366,335,316,308,302,289,281,270,253,248,249,242,283,290,305,310,305,304
"Sertã",1034,1000,952,897,866,854,1005,1010,1008,1000,965,918,833,828,848,859,836,814,890,853,811,802,803,778,799,772,749,739,734,729,752,739,714,686,682,677,722,713,704,684,662,654,676,694,717,737,753,761
"Vila de Rei",176,179,174,163,164,166,170,175,181,189,191,193,157,159,174,181,185,190,200,195,183,186,184,163,183,168,161,160,153,150,151,151,149,145,145,138,157,156,143,133,125,114,131,135,151,163,174,188
"Vila Velha de Ródão",157,155,144,136,139,142,189,183,186,179,170,167,144,145,141,128,117,116,167,159,153,159,156,146,114,111,110,101,88,74,135,121,105,92,90,93,68,71,79,90,104,109,95,99,106,109,102,104
"Almeida",487,455,421,390,367,353,471,477,480,482,462,432,346,338,329,322,306,280,407,381,362,352,339,322,263,255,253,251,242,227,296,269,247,232,214,206,206,179,154,146,146,141,212,223,238,240,233,225
"Belmonte",462,450,432,408,378,361,449,442,437,436,430,424,362,364,359,355,342,321,410,398,383,358,340,331,313,312,309,295,283,265,321,307,296,283,270,271,241,223,224,230,236,249,275,280,279,278,271,260
"Celorico da Beira",601,543,493,455,429,406,592,603,594,574,544,505,397,397,385,375,371,346,463,428,407,390,369,354,319,313,311,304,306,315,340,315,297,289,272,262,314,300,292,291,286,287,262,269,281,296,316,327
"Covilhã",3402,3188,3010,2878,2787,2758,3888,3770,3622,3472,3299,3098,2736,2654,2550,2433,2328,2285,2923,2798,2705,2655,2646,2592,2273,2302,2367,2385,2358,2315,2466,2337,2233,2171,2178,2226,2243,2160,2082,2020,1988,1965,2318,2339,2287,2282,2294,2288
"Figueira de Castelo Rodrigo",431,414,400,391,374,363,431,429,425,411,397,386,353,330,312,300,279,260,373,367,361,349,344,327,250,237,227,221,218,216,293,267,247,222,200,191,223,226,215,213,212,201,181,180,192,205,215,227
"Fornos de Algodres",357,339,321,311,310,312,314,326,341,343,329,310,313,305,291,275,259,239,292,278,278,291,298,289,220,211,206,200,192,183,268,240,216,201,185,173,179,179,183,188,186,180,173,178,183,186,187,193
"Fundão",1972,1894,1798,1707,1645,1588,2016,1981,1948,1897,1841,1771,1542,1515,1487,1445,1398,1330,1703,1632,1555,1514,1474,1421,1273,1243,1219,1209,1209,1209,1361,1295,1229,1173,1127,1110,1190,1170,1165,1146,1128,1130,1119,1144,1182,1211,1246,1274
"Gouveia",940,877,842,805,778,762,962,948,892,846,812,758,738,715,687,657,627,586,719,714,701,688,677,648,555,555,560,553,542,525,611,568,524,489,452,431,490,453,446,459,476,499,448,484,511,523,533,529
"Guarda",2906,2773,2659,2528,2406,2338,3110,3050,2955,2904,2820,2667,2304,2280,2258,2226,2177,2139,2536,2428,2317,2233,2199,2170,2124,2111,2143,2187,2167,2116,2132,2091,2039,1997,2000,2037,2084,2039,1978,1927,1888,1866,2075,2140,2192,2157,2103,2095
"Manteigas",266,259,248,235,228,217,266,257,242,232,221,214,203,195,184,175,171,162,208,201,194,193,185,171,151,153,150,141,142,143,162,151,145,138,127,120,132,124,122,117,113,109,124,131,135,143,148,141
"Mêda",397,377,353,327,297,277,353,360,359,345,327,314,259,242,231,216,205,194,298,281,263,244,232,224,188,188,188,185,185,190,213,197,177,163,152,145,185,182,185,183,180,180,152,166,177,189,201,206
"Pinhel",679,624,579,541,518,512,705,704,695,670,630,585,507,493,466,437,406,377,548,511,490,483,477,460,368,359,357,365,365,352,433,394,354,320,295,292,348,339,325,315,305,301,293,308,329,340,342,352
"Sabugal",780,718,673,625,575,551,689,713,706,694,676,633,538,513,496,480,450,421,585,559,533,502,490,477,403,384,372,377,378,377,447,422,402,374,352,343,371,363,346,323,316,320,338,351,378,390,406,425
"Seia",1882,1754,1646,1533,1447,1401,1967,1907,1826,1761,1692,1580,1344,1301,1270,1224,1165,1114,1485,1415,1344,1296,1261,1197,1070,1020,984,953,935,906,1132,1073,1004,947,914,902,869,865,857,838,840,839,890,898,914,921,912,897
"Trancoso",725,694,660,622,600,581,695,685,672,660,641,613,560,558,569,556,529,491,592,576,558,549,533,505,442,400,385,381,371,364,478,457,421,384,356,331,360,354,345,342,344,338,315,322,339,348,360,379
"Alcobaça",3490,3343,3231,3133,3071,3056,3970,3885,3769,3665,3542,3382,3081,3102,3107,3119,3113,3075,3232,3128,3068,3056,3042,3005,3029,3013,3045,3021,2960,2937,2954,2886,2830,2802,2787,2761,2907,2853,2835,2818,2794,2778,2773,2894,2980,3007,3076,3124
"Alenquer",2323,2247,2195,2152,2134,2161,2827,2793,2765,2741,2663,2552,2175,2194,2209,2201,2198,2214,2443,2363,2305,2273,2276,2246,2217,2250,2362,2425,2449,2496,2221,2197,2160,2147,2161,2166,2510,2513,2533,2548,2607,2675,2222,2369,2497,2599,2719,2810
"Arruda dos Vinhos",582,566,555,552,558,588,722,724,728,747,744,707,625,642,658,678,692,718,664,641,631,637,660,668,753,783,822,827,806,804,648,626,611,612,644,682,808,825,869,924,971,1005,714,760,789,813,852,889
"Bombarral",815,777,743,717,691,684,838,826,819,813,804,782,706,723,727,745,740,704,748,728,714,694,686,691,671,642,619,606,586,570,686,668,665,654,630,610,572,584,614,650,665,677,595,599,621,630,648,682
"Cadaval",810,769,743,702,669,661,951,934,907,886,854,810,643,610,606,619,620,630,778,753,710,674,651,613,657,672,682,692,685,665,561,537,538,539,551,576,653,648,643,651,680,703,599,646,708,736,746,764
"Caldas da Rainha",3001,2924,2850,2777,2728,2734,3413,3342,3293,3246,3173,3081,2781,2805,2785,2793,2785,2727,2992,2923,2873,2830,2801,2775,2687,2701,2761,2760,2709,2703,2707,2610,2552,2530,2508,2511,2700,2636,2630,2685,2719,2701,2592,2706,2770,2799,2890,2999
"Lourinhã",1589,1514,1445,1398,1365,1372,1753,1750,1746,1741,1698,1625,1415,1449,1457,1469,1439,1382,1545,1480,1436,1411,1408,1408,1345,1329,1346,1355,1333,1324,1389,1348,1313,1272,1236,1214,1335,1327,1352,1406,1440,1444,1209,1266,1344,1384,1439,1513
"Nazaré",960,897,858,830,817,819,1169,1147,1100,1055,1002,937,828,827,815,816,807,782,878,841,822,812,807,803,764,753,749,747,736,725,781,747,737,734,720,712,714,685,671,685,704,731,719,732,742,753,772,780
"Óbidos",660,621,599,586,565,560,734,730,709,677,659,636,579,589,585,593,603,600,604,587,584,575,569,572,597,603,613,624,622,606,560,533,525,530,537,544,595,585,578,576,593,613,552,573,621,661,681,710
"Peniche",1872,1761,1668,1573,1516,1518,2124,2106,2050,1980,1898,1769,1524,1525,1518,1478,1418,1375,1659,1584,1512,1482,1495,1483,1353,1354,1370,1383,1368,1342,1444,1405,1343,1275,1247,1244,1322,1322,1338,1364,1397,1403,1257,1274,1307,1337,1360,1388
"Sobral de Monte Agraço",536,538,530,514,501,495,653,630,629,629,607,590,502,511,518,534,542,535,581,563,544,530,517,510,529,535,557,582,587,599,504,493,494,495,495,495,624,627,630,645,658,676,500,530,589,632,671,717
"Torres Vedras",4492,4374,4213,4068,4029,4048,5190,5133,5066,4995,4855,4710,4104,4227,4306,4344,4363,4349,4576,4406,4274,4262,4261,4243,4309,4319,4375,4414,4435,4468,4282,4269,4228,4219,4212,4204,4486,4484,4497,4479,4418,4381,4285,4415,4538,4645,4780,4915
"Abrantes",2317,2217,2114,1976,1903,1896,2690,2551,2446,2392,2313,2187,1862,1826,1804,1744,1659,1613,2095,2000,1879,1820,1801,1724,1596,1613,1676,1715,1701,1687,1645,1586,1501,1430,1415,1417,1677,1645,1613,1605,1607,1586,1463,1561,1619,1623,1639,1666
"Alcanena",942,912,877,820,777,764,1047,1002,971,956,918,862,737,700,685,675,659,645,833,807,760,734,723,682,635,630,626,612,586,572,633,599,570,551,544,540,591,620,631,649,675,667,548,576,592,584,587,625
"Constância",237,237,229,212,191,180,240,237,240,243,241,245,178,185,205,217,210,198,240,229,212,191,180,178,179,164,176,193,200,213,182,190,188,175,158,141,227,226,225,228,228,218,137,154,177,194,216,240
"Entroncamento",1050,1050,1017,980,988,1019,1209,1193,1189,1200,1198,1189,1030,1044,1057,1033,1016,1022,1163,1104,1060,1067,1073,1046,1024,1018,1040,1077,1104,1120,1024,1014,982,956,954,961,1131,1128,1124,1136,1172,1218,964,1012,1107,1180,1227,1272
"Ferreira do Zêzere",563,546,526,506,493,478,595,581,571,564,540,519,466,469,470,464,454,435,508,492,480,480,466,442,409,390,394,395,378,361,428,409,389,377,363,343,355,344,336,355,372,374,335,356,376,374,377,388
"Mação",365,341,329,317,313,327,430,420,407,390,371,346,343,354,362,352,329,308,327,317,313,317,324,323,293,283,281,278,273,257,314,302,280,255,243,239,236,218,208,198,195,201,240,253,272,281,272,262
"Ourém",3070,2963,2858,2766,2720,2689,3364,3347,3253,3135,3003,2874,2652,2677,2713,2700,2670,2609,2800,2737,2681,2663,2624,2534,2543,2518,2517,2503,2480,2430,2489,2457,2391,2351,2332,2316,2338,2269,2222,2194,2206,2212,2351,2436,2515,2556,2567,2546
"Sardoal",231,232,232,225,226,226,281,280,265,249,236,227,223,230,238,233,217,199,227,227,225,232,231,219,188,186,184,184,180,172,212,204,188,167,153,149,164,155,148,145,141,134,153,165,183,189,188,187
"Tomar",2556,2467,2364,2270,2219,2197,2917,2789,2673,2554,2430,2344,2186,2206,2211,2184,2141,2067,2286,2214,2162,2156,2132,2061,1992,1968,1969,1922,1877,1837,2002,1936,1861,1812,1773,1747,1766,1730,1725,1699,1682,1674,1775,1823,1835,1849,1869,1855
"Torres Novas",2325,2166,2009,1916,1871,1836,2530,2521,2489,2419,2320,2210,1819,1806,1789,1771,1729,1677,2082,1964,1898,1874,1836,1769,1662,1690,1731,1760,1767,1760,1683,1601,1539,1489,1458,1470,1730,1697,1695,1705,1717,1712,1532,1621,1701,1747,1790,1807
"Vila Nova da Barquinha",446,426,395,367,348,338,482,474,470,468,449,423,339,339,333,335,336,335,403,374,343,327,324,327,335,344,354,362,359,355,326,314,303,294,293,295,358,355,352,357,361,365,302,319,353,381,402,426
"Almeirim",1252,1196,1139,1089,1045,1012,1567,1550,1522,1450,1362,1299,1010,1034,1070,1100,1096,1058,1237,1175,1129,1081,1039,1026,1037,1053,1096,1137,1164,1168,1022,1018,1010,993,945,930,1171,1175,1163,1175,1220,1244,971,1042,1122,1192,1230,1262
"Alpiarça",431,410,388,372,355,338,551,519,489,467,440,413,334,341,333,333,340,332,387,367,356,347,333,321,332,344,356,367,378,382,317,298,285,285,280,281,379,374,372,383,398,407,297,325,360,387,406,417
"Azambuja",1159,1112,1087,1054,1010,980,1572,1530,1475,1417,1343,1260,976,983,979,972,974,996,1188,1146,1099,1035,996,995,1016,1043,1092,1112,1096,1071,997,990,986,985,998,1024,1070,1086,1115,1158,1193,1204,1056,1110,1164,1181,1182,1212
"Benavente",1420,1450,1478,1461,1443,1476,1696,1700,1690,1693,1699,1678,1509,1530,1586,1639,1636,1633,1675,1678,1658,1639,1633,1600,1653,1647,1674,1716,1718,1714,1553,1544,1525,1494,1500,1512,1728,1747,1766,1805,1886,1930,1513,1596,1735,1815,1854,1918
"Cartaxo",1450,1409,1338,1264,1205,1177,1621,1572,1539,1529,1512,1481,1183,1203,1198,1207,1223,1205,1433,1367,1305,1250,1204,1177,1189,1197,1199,1209,1223,1223,1157,1111,1079,1072,1057,1057,1207,1208,1213,1206,1208,1215,1085,1128,1210,1278,1307,1323
"Chamusca",687,671,652,607,561,524,760,712,675,658,646,629,477,449,442,428,410,398,612,591,555,518,480,431,376,360,362,367,377,378,397,378,361,346,338,329,371,366,361,364,368,369,329,351,377,395,395,394
"Coruche",1112,1043,997,952,908,883,1357,1285,1218,1145,1073,1011,874,857,853,857,834,808,960,935,905,873,848,820,797,784,794,815,814,809,778,748,727,698,681,677,799,787,784,772,764,767,683,723,777,803,823,835
"Golegã",344,346,338,324,320,309,367,349,347,356,341,329,286,275,275,282,291,288,337,337,330,329,322,298,275,273,277,281,287,283,279,268,259,250,240,232,270,263,260,260,270,270,236,251,273,293,297,296
"Rio Maior",1360,1288,1228,1181,1158,1157,1459,1442,1430,1415,1370,1306,1155,1144,1127,1105,1095,1089,1251,1208,1169,1149,1147,1137,1092,1118,1138,1140,1141,1133,1114,1091,1078,1081,1086,1106,1101,1080,1080,1085,1098,1120,1151,1170,1170,1194,1207,1195
"Salvaterra de Magos",1255,1192,1121,1074,1052,1058,1378,1349,1357,1366,1326,1264,1081,1117,1146,1162,1160,1144,1204,1142,1109,1098,1093,1082,1124,1115,1142,1150,1137,1145,1071,1046,1015,996,986,980,1146,1122,1129,1157,1163,1156,994,1059,1139,1200,1256,1300
"Santarém",3764,3566,3389,3246,3163,3113,4548,4406,4235,4082,3886,3675,3082,3060,3027,2994,2934,2873,3495,3330,3193,3121,3056,2969,2819,2831,2915,2982,3034,3113,2886,2799,2727,2667,2627,2602,3164,3146,3150,3153,3124,3098,2680,2840,2999,3139,3278,3377
"Amadora",10738,10288,9901,9610,9447,9374,13944,13267,12698,12179,11548,11020,9302,9213,9048,8829,8673,8655,10629,10257,10014,9857,9796,9822,8681,8743,8905,9045,9058,8996,9857,9900,9961,9924,9859,9816,8885,8640,8424,8371,8458,8610,9765,9725,9597,9386,9220,9197
"Cascais",9863,9744,9679,9665,9798,10116,12618,12392,12079,11761,11474,11196,10447,10749,11030,11230,11174,10993,11018,10972,11023,11234,11326,11109,10929,10998,11215,11424,11583,11791,10852,10671,10552,10477,10506,10627,11958,12052,12142,12289,12483,12670,10850,11156,11346,11562,11964,12361
"Lisboa",29251,27641,26638,25871,25161,24739,41286,39433,37242,35240,33512,31876,24406,23891,23097,22110,22026,22794,30479,29375,28243,27240,27176,27857,23512,24509,25521,26103,26448,26645,28705,29734,30784,31511,31797,31861,26528,26038,25489,25429,25823,26274,32124,31127,29039,28462,28588,28390
"Loures",12676,12064,11569,11228,11006,10939,16143,15470,14814,14141,13478,12893,10988,11010,10932,10782,10464,10181,12355,11903,11576,11360,11214,11182,10134,10253,10445,10627,10765,10838,11169,11136,11136,10977,10771,10698,10801,10702,10638,10600,10623,10722,10782,10942,11015,11036,11090,11132
"Mafra",3310,3315,3314,3308,3327,3413,4040,4227,4344,4395,4340,4219,3555,3731,3933,4129,4234,4269,4098,4011,3951,3948,3967,3954,4304,4401,4567,4710,4819,4935,3948,3954,3957,3964,4015,4081,5044,5173,5302,5402,5500,5554,4220,4431,4649,4865,5047,5215
"Odivelas",8605,8245,7896,7610,7400,7283,11389,11065,10713,10353,9897,9453,7211,7159,7114,7067,7069,7122,9045,8635,8275,8004,7868,7797,7206,7329,7484,7576,7591,7613,7759,7800,7891,7962,7991,8013,7619,7471,7339,7379,7489,7682,8066,8085,7955,7809,7787,7836
"Oeiras",9302,8779,8387,8090,7930,7940,12580,11980,11335,10764,10164,9575,8011,8090,8077,7992,7956,7925,9113,8748,8460,8308,8301,8343,7914,8059,8354,8617,8809,9027,8367,8338,8292,8248,8208,8198,9171,9205,9291,9441,9537,9632,8312,8525,8652,8798,9090,9391
"Sintra",20846,20287,19860,19737,19827,20094,27470,25762,24507,23448,22465,21687,20532,20979,21177,21241,21407,21550,20996,20485,20303,20406,20724,21166,21660,22086,22782,23280,23537,23585,21641,22026,22375,22644,22764,22857,23275,22795,22286,21949,21869,21862,23252,23847,24041,23956,23867,23678
"Vila Franca de Xira",7975,7694,7464,7202,6976,6852,10095,9822,9603,9413,9103,8694,6822,6820,6806,6800,6875,6916,8271,7916,7594,7326,7156,7085,6922,7060,7292,7460,7593,7726,7041,7024,7044,7081,7068,7039,7789,7786,7762,7746,7759,7800,7151,7360,7457,7514,7618,7723
"Alcochete",730,745,757,767,782,804,894,903,904,900,888,867,822,846,875,919,955,963,864,867,880,904,906,881,967,999,1054,1089,1113,1143,862,854,860,878,890,898,1174,1188,1213,1251,1284,1319,936,1007,1066,1114,1162,1211
"Almada",9193,8900,8640,8447,8402,8469,12092,11581,11134,10726,10217,9787,8524,8574,8646,8708,8703,8727,9519,9283,9157,9191,9213,9141,8805,8921,9145,9370,9452,9455,9041,9022,9083,9092,9141,9256,9367,9197,9077,9048,9129,9281,9403,9555,9638,9653,9649,9665
"Barreiro",4330,4057,3847,3682,3588,3575,6177,5684,5283,4918,4583,4291,3608,3632,3666,3688,3672,3660,4032,3865,3763,3691,3686,3724,3674,3713,3802,3898,3975,4048,3732,3780,3830,3834,3845,3869,4121,4148,4158,4176,4174,4169,3920,4031,4108,4114,4159,4261
"Moita",4625,4341,4067,3894,3799,3756,5418,5154,4982,4780,4503,4234,3724,3703,3650,3576,3506,3439,3992,3799,3696,3651,3650,3624,3379,3391,3481,3518,3571,3659,3580,3534,3483,3432,3391,3361,3678,3679,3748,3796,3821,3871,3385,3548,3661,3715,3816,3888
"Montijo",2290,2329,2343,2324,2318,2349,2894,3005,3075,3118,3111,3046,2355,2354,2415,2498,2558,2618,2978,2908,2818,2766,2760,2712,2659,2701,2764,2807,2831,2849,2657,2670,2700,2686,2679,2690,2844,2872,2949,3029,3123,3228,2737,2828,2911,2975,3041,3103
"Palmela",3264,3200,3093,3020,2991,3011,3857,3796,3755,3735,3652,3546,3091,3183,3247,3289,3294,3280,3429,3303,3218,3199,3207,3216,3293,3380,3551,3709,3828,3922,3211,3183,3165,3156,3153,3198,3973,3996,4047,4122,4200,4258,3332,3573,3827,4024,4173,4279
"Seixal",9684,9281,8928,8649,8468,8412,12467,11800,11217,10759,10303,9861,8417,8374,8316,8265,8156,8134,9416,9051,8782,8633,8610,8590,8199,8356,8624,8864,8925,8966,8488,8392,8366,8301,8325,8440,8993,8931,8844,8850,8986,9124,8657,9059,9361,9350,9369,9504
"Sesimbra",2282,2314,2324,2321,2329,2381,2740,2735,2790,2860,2872,2838,2468,2547,2610,2679,2685,2670,2778,2736,2713,2715,2714,2688,2693,2739,2807,2855,2874,2889,2641,2586,2547,2492,2479,2512,2892,2936,3016,3062,3087,3127,2553,2654,2793,2909,2997,3070
"Setúbal",7017,6775,6537,6335,6213,6150,8909,8373,7897,7591,7325,7077,6111,6141,6167,6155,6126,6142,6871,6667,6507,6437,6360,6224,6207,6343,6558,6697,6745,6772,6143,6091,6043,6019,6070,6161,6747,6751,6819,6880,6973,7064,6324,6582,6698,6688,6707,6731
"Alcácer do Sal",919,858,796,735,693,678,984,937,919,906,876,836,669,646,616,597,565,530,786,733,681,647,632,611,517,514,512,510,508,499,575,536,512,494,476,471,501,523,540,541,535,529,474,474,476,484,489,506
"Grândola",829,803,760,727,715,705,964,931,923,919,900,883,694,688,671,640,623,614,853,800,753,734,718,696,593,597,613,608,621,655,679,651,615,593,580,559,669,680,685,661,658,667,563,586,607,642,687,711
"Odemira",1486,1479,1438,1390,1342,1289,1589,1556,1537,1529,1509,1493,1246,1208,1159,1123,1150,1247,1480,1448,1425,1396,1385,1413,1335,1390,1403,1367,1284,1180,1464,1524,1606,1706,1793,1847,1119,1082,1072,1124,1195,1224,1876,1812,1675,1569,1488,1437
"Santiago do Cacém",2101,1941,1774,1631,1550,1507,2296,2285,2250,2189,2072,1942,1451,1404,1367,1302,1231,1192,1807,1663,1538,1475,1439,1381,1158,1134,1148,1154,1146,1154,1329,1277,1204,1129,1074,1040,1171,1181,1193,1214,1236,1257,1042,1092,1140,1160,1189,1232
"Sines",889,873,856,836,816,791,1080,1067,1033,995,942,894,778,786,792,788,775,728,874,861,850,828,799,782,675,657,660,663,668,684,779,771,751,726,680,630,694,700,712,731,750,757,614,631,667,692,716,732
"Aljustrel",633,591,549,523,516,527,708,688,677,655,611,565,535,519,496,468,434,400,532,501,481,480,496,504,383,389,401,403,397,388,490,465,437,407,370,351,370,361,357,365,384,392,366,393,411,413,408,395
"Almodôvar",472,451,426,407,396,394,510,487,477,476,464,453,394,380,348,312,285,276,441,420,408,400,391,379,288,302,303,296,287,274,355,313,275,258,256,265,268,282,300,301,300,309,275,281,294,298,291,293
"Alvito",154,155,168,173,168,165,194,195,188,176,170,164,168,159,146,142,137,119,165,182,191,187,179,170,106,108,111,111,112,121,150,122,103,87,77,78,127,129,137,134,120,113,86,94,105,118,130,136
"Barrancos",110,110,111,111,110,105,110,107,105,109,115,118,105,102,92,85,79,67,117,116,115,114,105,99,65,73,79,85,87,86,94,83,76,69,62,65,84,87,90,87,81,77,73,79,83,83,82,80
"Beja",2234,2142,2043,1937,1882,1858,2627,2560,2496,2446,2350,2227,1836,1823,1796,1763,1726,1696,2125,2017,1917,1869,1841,1802,1695,1706,1746,1782,1787,1785,1763,1725,1681,1640,1636,1662,1776,1766,1779,1808,1814,1803,1698,1742,1766,1767,1779,1798
"Castro Verde",492,485,471,441,404,385,495,469,454,460,470,466,379,381,383,392,400,387,451,442,427,394,370,363,362,341,341,342,344,355,359,344,332,331,320,297,361,351,335,326,316,303,291,311,328,345,368,382
"Cuba",290,272,269,269,279,292,336,338,332,332,323,297,298,298,290,276,261,241,276,275,279,296,305,295,228,218,215,225,231,218,278,255,232,214,200,194,205,208,208,214,235,252,191,199,226,244,240,237
"Ferreira do Alentejo",540,508,474,453,446,453,613,585,571,555,528,502,449,426,405,392,377,372,473,452,446,447,456,446,379,368,352,340,337,337,415,397,387,371,364,365,340,342,341,337,332,336,349,339,343,367,387,389
"Mértola",472,465,443,416,400,383,470,444,427,420,411,401,359,340,322,305,289,274,391,380,370,367,356,329,259,246,239,238,230,225,299,269,251,236,224,219,229,221,216,223,216,201,214,213,224,231,234,240
"Moura",1042,1008,978,938,896,869,1125,1071,1019,998,973,940,854,842,832,818,781,739,911,888,861,838,813,778,721,727,746,772,790,800,744,704,671,640,612,604,808,795,759,734,725,720,627,674,733,777,808,829
"Ourique",313,291,272,259,254,245,356,356,340,325,311,290,239,238,233,223,218,218,273,258,248,248,242,231,221,217,214,209,201,197,220,206,188,179,179,185,195,199,198,193,183,176,192,203,209,209,211,216
"Serpa",987,926,872,826,813,834,1046,1034,1014,995,960,902,849,874,904,885,832,785,856,823,796,796,812,801,735,693,685,688,688,686,793,789,745,695,657,622,681,664,638,616,608,604,609,632,666,684,692,697
"Vidigueira",378,349,332,339,350,357,362,376,394,395,383,359,372,375,356,338,318,298,329,319,341,365,374,378,285,277,274,272,264,261,359,322,294,272,254,249,257,244,234,226,216,220,253,259,265,264,268,273
"Alter do Chão",203,196,189,179,179,183,207,207,208,212,209,197,186,190,191,187,180,161,193,188,182,187,188,183,145,141,140,136,132,131,174,163,156,151,137,129,133,134,140,143,137,138,127,126,133,142,147,152
"Arronches",184,180,175,159,149,152,182,185,187,192,197,190,150,152,167,178,170,159,185,176,159,154,155,149,150,138,134,131,125,123,145,147,142,132,128,127,120,113,110,107,98,100,124,129,135,133,134,133
"Avis",261,262,256,251,252,257,305,283,271,263,241,232,256,253,255,258,234,208,236,235,238,247,255,248,205,194,176,169,161,155,229,213,201,179,163,165,154,152,152,157,152,139,162,158,164,163,164,167
"Campo Maior",567,555,523,489,472,469,600,581,584,598,591,572,467,476,484,473,454,448,560,537,506,489,484,468,440,439,457,466,468,469,460,456,432,407,398,394,468,463,463,468,468,469,400,431,453,460,467,470
"Castelo de Vide",188,190,197,192,181,172,211,203,191,184,186,186,163,154,153,158,162,165,185,189,186,177,166,151,165,161,151,144,138,121,137,131,133,133,135,140,104,104,109,114,121,123,139,133,139,142,126,114
"Crato",212,199,181,169,164,163,225,220,226,218,200,191,162,158,150,141,129,121,179,167,163,163,162,155,125,139,141,130,129,125,142,127,114,107,104,109,112,111,114,108,107,112,121,128,127,136,141,132
"Elvas",1550,1517,1456,1417,1394,1359,1563,1547,1541,1524,1488,1465,1329,1335,1330,1285,1242,1197,1440,1387,1376,1384,1339,1271,1157,1154,1172,1165,1161,1165,1234,1191,1127,1078,1039,1011,1131,1096,1105,1104,1092,1093,1026,1066,1081,1100,1132,1126
"Fronteira",197,189,182,178,181,191,255,247,236,224,206,187,199,198,189,179,158,128,181,178,180,185,194,194,118,124,130,134,135,140,182,162,141,122,101,92,145,146,142,146,152,153,96,109,121,132,145,156
"Gavião",207,196,177,163,163,165,227,218,211,209,196,184,171,179,179,177,164,152,180,168,160,162,164,161,148,145,139,128,114,110,158,147,134,122,115,110,109,107,117,127,123,114,110,117,120,116,117,119
"Marvão",209,195,178,162,157,148,199,206,215,221,212,201,143,159,171,172,166,159,190,172,160,159,149,138,143,130,129,130,125,122,143,142,132,126,122,113,123,122,123,126,120,111,110,118,128,132,137,141
"Monforte",201,189,173,172,171,171,235,224,215,207,204,205,170,172,176,174,176,184,193,180,183,181,175,165,176,159,156,156,154,159,161,162,157,155,157,148,165,167,170,170,174,175,137,141,153,157,163,174
"Nisa",362,349,346,336,322,313,436,405,382,368,359,344,308,310,311,306,301,291,334,334,330,321,309,293,278,272,275,271,256,242,279,261,235,218,216,219,232,224,222,215,202,195,223,235,245,244,241,240
"Ponte de Sor",1110,1061,1013,973,937,913,1096,1076,1051,1040,1032,1009,910,911,888,857,829,798,977,939,912,897,874,847,770,756,760,742,711,699,822,778,737,714,701,691,696,680,674,675,664,648,692,704,704,699,704,714
"Portalegre",1631,1539,1452,1402,1338,1265,1819,1773,1738,1711,1656,1578,1229,1209,1177,1158,1153,1133,1484,1397,1346,1286,1208,1150,1104,1097,1126,1144,1147,1150,1100,1040,995,982,980,980,1145,1121,1106,1088,1066,1044,1007,1062,1102,1110,1112,1115
"Sousel",289,268,253,243,240,237,371,356,342,319,288,258,229,220,216,222,234,240,238,232,227,224,220,208,236,230,230,222,213,211,194,186,187,192,193,188,211,207,203,203,205,213,188,200,215,222,224,231
"Alandroal",366,338,326,324,315,312,416,391,377,366,357,340,310,294,272,257,243,235,317,311,315,312,306,290,234,230,226,224,216,209,261,234,216,200,190,187,207,198,201,215,222,226,190,196,209,217,216,217
"Arraiolos",450,423,393,373,356,359,477,471,467,463,462,443,371,375,379,380,365,347,411,387,368,354,358,361,337,326,323,319,308,302,350,341,333,313,298,292,304,297,297,302,298,298,286,295,308,311,316,327
"Borba",443,434,430,411,393,387,516,493,473,464,447,418,380,369,356,347,338,320,412,411,396,390,388,367,306,302,299,296,301,306,342,318,300,286,266,258,302,295,287,286,284,279,260,269,287,306,317,317
"Estremoz",888,873,847,817,790,774,953,912,885,866,846,830,765,750,735,718,691,653,817,796,779,760,743,728,624,610,605,593,577,577,695,657,623,593,567,550,575,569,571,561,544,529,553,568,578,582,592,597
"Évora",3520,3355,3228,3134,3045,3006,4312,4168,4024,3884,3722,3545,2994,2953,2892,2843,2788,2751,3382,3254,3164,3082,3022,2973,2753,2790,2858,2890,2867,2835,2894,2804,2746,2676,2635,2670,2815,2781,2775,2780,2778,2759,2755,2824,2851,2851,2822,2806
"Montemor-o-Novo",1116,1061,1007,965,911,871,1192,1123,1097,1098,1094,1067,866,848,816,795,766,728,1021,969,925,874,836,827,708,711,717,720,723,729,803,760,721,686,657,643,725,727,737,715,696,700,653,677,710,735,755,765
"Mora",363,328,296,269,248,235,361,357,345,343,339,331,237,243,237,219,204,192,305,274,245,228,217,212,180,180,185,178,167,163,213,200,180,166,157,150,160,152,151,159,154,144,152,167,181,181,179,179
"Mourão",178,162,153,157,165,171,204,197,187,178,167,156,175,173,165,157,145,139,144,139,144,151,154,154,145,148,146,147,140,128,149,141,133,125,124,132,125,121,115,119,120,121,140,137,133,129,122,126
"Portel",416,397,373,356,351,351,470,442,434,425,407,394,346,332,318,306,289,277,377,352,335,331,329,317,274,276,283,290,296,297,298,278,262,248,245,250,292,276,262,248,247,253,260,280,305,321,325,321
"Redondo",436,428,419,393,374,377,543,523,490,472,459,441,374,369,376,379,367,353,434,427,409,394,393,374,350,339,332,329,318,321,349,341,330,313,306,305,325,320,309,293,280,265,297,302,311,311,323,336
"Reguengos de Monsaraz",658,634,615,600,586,582,750,735,724,699,657,620,575,568,562,558,560,548,595,583,578,572,566,551,526,515,515,498,480,481,532,509,488,483,469,452,495,503,498,498,491,469,453,471,473,468,484,512
"Vendas Novas",647,629,587,547,525,521,765,714,694,689,676,661,521,537,544,550,553,560,637,596,559,541,534,518,563,557,563,569,561,556,516,511,507,506,515,523,574,588,588,587,590,581,524,541,565,570,572,598
"Viana do Alentejo",348,351,340,339,347,341,369,369,371,372,365,363,324,317,308,294,278,274,368,360,360,368,357,328,288,291,292,294,292,287,303,280,260,246,244,257,282,282,282,275,270,263,263,265,274,287,296,304
"Vila Viçosa",607,565,529,492,459,441,591,583,576,576,577,557,429,422,424,420,407,402,523,495,468,444,423,402,392,383,382,381,378,372,384,374,362,346,342,340,365,355,339,321,313,313,343,354,363,369,369,371
"Albufeira",1994,2025,2008,1977,1985,2044,2302,2347,2415,2470,2463,2435,2121,2212,2304,2343,2342,2341,2411,2369,2334,2298,2292,2329,2319,2291,2289,2271,2262,2238,2381,2447,2502,2517,2517,2520,2210,2237,2289,2349,2420,2479,2507,2445,2348,2368,2415,2441
"Alcoutim",141,130,122,119,114,107,185,176,158,143,132,116,104,103,101,99,97,93,104,95,93,93,91,92,96,99,97,98,102,99,91,91,91,91,90,96,91,84,81,76,69,70,99,101,109,115,111,102
"Aljezur",245,246,249,246,241,238,253,265,269,276,273,257,234,226,224,224,222,220,249,249,246,240,237,233,221,222,224,216,205,202,226,224,228,233,232,230,205,221,250,278,294,308,232,240,236,226,225,233
"Castro Marim",352,330,325,327,329,341,393,384,381,380,376,359,347,337,336,347,350,341,346,353,363,366,367,353,329,318,310,308,306,299,320,300,290,282,276,271,285,276,271,277,291,298,273,282,304,325,332,329
"Faro",3698,3539,3393,3298,3217,3173,4665,4568,4502,4416,4278,4087,3166,3168,3149,3117,3143,3214,3888,3699,3577,3485,3427,3410,3253,3300,3405,3466,3443,3423,3399,3399,3420,3454,3508,3566,3425,3416,3401,3450,3509,3496,3634,3663,3604,3564,3569,3614
"Lagoa",1326,1314,1288,1251,1239,1229,1358,1339,1344,1346,1337,1322,1213,1208,1199,1202,1198,1174,1318,1296,1271,1281,1269,1224,1172,1200,1226,1237,1245,1249,1178,1126,1087,1064,1055,1077,1234,1228,1246,1281,1314,1333,1125,1187,1237,1278,1311,1336
"Lagos",1422,1456,1461,1455,1470,1504,1587,1599,1607,1629,1618,1597,1554,1614,1647,1675,1690,1667,1590,1583,1592,1625,1640,1631,1631,1627,1655,1647,1615,1613,1625,1588,1545,1522,1514,1506,1625,1619,1643,1714,1745,1736,1525,1604,1639,1652,1713,1773
"Loulé",3619,3620,3550,3474,3467,3506,4148,4174,4228,4266,4206,4118,3571,3661,3708,3649,3542,3485,4047,3959,3920,3884,3808,3741,3455,3467,3526,3539,3496,3467,3683,3577,3485,3428,3376,3375,3472,3481,3489,3560,3670,3739,3444,3529,3535,3530,3578,3672
"Monchique",352,346,339,321,300,286,369,362,357,346,331,320,263,246,242,242,237,224,317,318,307,286,269,240,213,208,203,197,192,183,218,210,208,208,202,199,176,176,179,187,200,209,201,203,204,202,194,190
"Olhão",2697,2614,2508,2412,2314,2289,2970,2977,3012,3008,2952,2857,2311,2342,2399,2457,2432,2338,2739,2611,2503,2394,2341,2311,2259,2207,2222,2256,2273,2300,2277,2271,2257,2189,2107,2047,2332,2376,2421,2436,2463,2474,2022,2094,2168,2212,2282,2369
"Portimão",2728,2747,2702,2683,2675,2678,3218,3220,3248,3263,3258,3252,2725,2792,2870,2863,2794,2783,3189,3100,3062,2998,2926,2899,2790,2810,2860,2893,2915,2986,2875,2851,2827,2797,2791,2806,3047,3069,3136,3242,3283,3310,2851,2921,2946,3011,3152,3283
"São Brás de Alportel",551,528,509,489,481,487,612,608,598,599,599,571,485,500,522,527,532,529,548,526,498,489,493,488,515,507,504,503,509,509,495,500,486,480,475,465,513,525,531,536,544,562,462,480,510,535,549,562
"Silves",1952,1919,1854,1781,1721,1715,2232,2187,2151,2141,2134,2096,1752,1798,1824,1817,1785,1727,2035,1969,1906,1853,1837,1832,1671,1651,1673,1675,1672,1695,1816,1794,1749,1698,1653,1615,1714,1742,1784,1834,1878,1919,1604,1655,1699,1746,1812,1874
"Tavira",1475,1417,1326,1258,1230,1201,1637,1634,1633,1616,1561,1494,1175,1195,1200,1174,1155,1133,1442,1374,1326,1314,1278,1213,1106,1105,1127,1137,1150,1166,1184,1146,1088,1070,1061,1048,1174,1204,1218,1219,1255,1288,1074,1127,1154,1181,1220,1255
"Vila do Bispo",265,279,281,266,255,252,294,283,277,274,269,264,248,246,259,271,272,261,268,272,262,249,252,258,245,226,210,191,179,186,256,256,251,245,234,220,205,223,247,272,267,258,212,210,199,189,205,237
"Vila Real de Santo António",1141,1111,1088,1053,1014,1004,1319,1287,1251,1219,1191,1148,1007,1005,1006,1014,988,933,1114,1099,1079,1052,1027,993,907,902,898,910,949,976,955,925,906,884,853,842,986,999,1014,1021,1038,1054,848,856,881,938,995,1036
"Vila do Porto",513,484,437,417,410,397,450,466,486,487,482,475,399,410,414,410,408,397,449,414,398,391,383,381,368,345,344,343,337,338,381,374,356,343,335,314,336,324,317,313,314,319,297,318,348,356,359,357
"Lagoa [R.A.A.]",1232,1229,1237,1215,1189,1170,1380,1345,1285,1241,1193,1149,1151,1123,1114,1124,1120,1099,1141,1145,1127,1107,1096,1079,1065,1038,1020,1003,994,998,1050,1021,1000,980,956,928,997,990,988,981,972,972,917,933,959,987,1020,1038
"Nordeste",393,377,363,351,349,352,406,397,382,366,354,343,355,364,359,336,313,300,331,325,320,326,332,328,298,294,287,285,284,270,325,311,284,263,253,255,261,269,270,262,259,262,255,253,262,274,265,261
"Ponta Delgada",5579,5479,5339,5213,5143,5098,6135,6013,5943,5836,5662,5531,5034,4966,4928,4921,4858,4776,5422,5280,5160,5085,5014,4915,4715,4622,4543,4456,4325,4211,4811,4702,4599,4492,4411,4362,4096,3988,3939,3906,3828,3784,4310,4319,4304,4231,4183,4117
"Povoação",572,557,543,521,506,489,543,558,551,544,525,496,471,463,450,440,434,425,485,477,470,464,451,434,419,415,407,400,402,396,423,406,390,379,362,351,387,383,370,350,335,328,350,354,369,392,396,392
"Ribeira Grande",2827,2813,2784,2743,2736,2737,2716,2781,2820,2862,2855,2809,2746,2745,2712,2696,2660,2580,2762,2708,2674,2679,2671,2647,2523,2467,2409,2369,2342,2313,2599,2493,2384,2302,2227,2179,2297,2293,2258,2241,2273,2303,2151,2162,2202,2239,2266,2293
"Vila Franca do Campo",982,983,974,949,923,911,973,965,957,957,949,930,900,904,934,935,906,874,926,916,886,858,849,840,830,786,766,750,709,677,839,850,831,796,765,724,651,625,613,621,635,625,691,698,706,682,665,649
"Angra do Heroísmo",2844,2799,2740,2670,2592,2510,2755,2763,2758,2757,2748,2724,2434,2382,2335,2291,2248,2198,2682,2620,2543,2466,2394,2319,2130,2085,2067,2018,1968,1952,2257,2184,2101,2044,1996,1936,1931,1879,1833,1812,1787,1739,1906,1933,1934,1912,1920,1909
"Vila da Praia da Vitória",1659,1606,1557,1527,1516,1514,1639,1681,1715,1725,1697,1656,1524,1519,1496,1444,1390,1347,1619,1587,1561,1555,1544,1509,1295,1236,1200,1161,1106,1079,1443,1360,1264,1197,1160,1123,1059,1036,1014,999,997,991,1080,1079,1091,1072,1070,1077
"Santa Cruz da Graciosa",334,331,331,324,309,294,339,337,329,324,318,312,288,281,277,282,273,256,309,308,305,293,284,279,250,240,227,230,236,228,267,254,247,232,214,211,220,218,201,191,195,195,212,215,229,241,237,228
"Calheta [R.A.A.]",320,324,313,298,288,276,294,299,309,312,299,287,257,240,229,217,199,191,281,265,251,243,239,232,189,183,177,174,177,183,222,210,197,177,163,157,193,199,206,210,205,198,152,156,169,181,193,203
"Velas",449,434,403,380,372,367,440,443,439,441,436,424,363,361,355,346,330,307,404,377,361,363,363,353,289,282,277,264,262,268,339,322,305,287,270,253,255,236,233,230,228,236,241,240,243,254,270,265
"Lajes do Pico",306,298,302,308,304,309,354,336,322,310,298,290,305,287,271,259,244,233,287,290,293,293,296,286,223,218,223,219,212,215,263,243,226,207,195,187,218,214,215,218,218,217,185,205,220,221,229,235
"Madalena",416,399,401,411,406,398,453,466,454,436,424,408,388,370,364,362,355,352,400,411,421,411,404,397,352,341,333,331,325,323,381,374,361,342,329,320,318,317,325,322,311,310,308,318,340,351,357,350
"São Roque do Pico",265,262,263,256,252,245,258,267,257,252,250,235,236,228,220,217,215,201,228,235,239,238,233,231,187,172,154,143,138,140,221,204,188,177,164,151,140,139,139,138,136,138,140,133,140,147,150,153
"Horta",1087,1039,1006,978,961,958,1304,1272,1224,1181,1131,1068,933,918,923,904,872,862,1019,977,941,925,919,898,847,806,798,808,780,749,886,875,828,773,746,721,744,736,731,745,756,740,691,726,780,772,752,757
"Lajes das Flores",93,93,96,95,94,89,95,97,96,95,96,96,85,89,94,96,99,96,97,100,100,99,92,85,82,76,79,78,77,76,86,86,83,84,83,74,69,63,63,68,77,84,74,81,84,87,87,80
"Santa Cruz das Flores",172,162,160,161,152,150,206,198,189,184,179,167,155,148,136,136,126,111,153,145,140,127,128,140,105,103,101,106,112,111,136,124,115,99,85,80,104,103,102,100,104,107,79,85,103,116,118,117
"Corvo",30,26,25,23,18,16,41,41,37,33,33,30,17,18,20,20,19,19,26,25,23,18,16,17,16,15,18,20,18,18,18,20,20,19,19,16,16,13,12,15,16,18,15,20,23,23,25,24
"Calheta [R.A.M.]",897,870,835,804,766,716,825,835,829,820,813,794,684,685,679,659,643,626,756,718,695,669,635,608,595,575,578,577,572,574,599,569,518,490,485,471,578,576,574,578,586,581,471,516,557,570,592,620
"Câmara de Lobos",3299,3212,3124,3050,2977,2944,3113,3125,3115,3092,3050,2981,2953,2984,3000,2988,2898,2758,2899,2815,2754,2710,2668,2633,2632,2525,2472,2473,2455,2394,2600,2531,2432,2317,2213,2142,2303,2222,2150,2085,2058,2020,2091,2132,2241,2299,2316,2297
"Funchal",7777,7641,7477,7273,7086,6969,7993,7947,7972,8051,8013,7869,6896,6876,6883,6785,6585,6371,7734,7605,7428,7163,6873,6603,6125,5920,5826,5811,5830,5848,6355,6109,5839,5604,5419,5286,5774,5646,5572,5499,5395,5285,5248,5373,5582,5754,5894,5925
"Machico",1787,1748,1684,1603,1547,1513,1825,1781,1774,1756,1702,1649,1463,1420,1427,1433,1386,1341,1601,1540,1472,1423,1390,1327,1329,1304,1260,1247,1239,1207,1262,1222,1171,1108,1078,1080,1169,1144,1125,1079,1042,1007,1080,1107,1159,1184,1186,1176
"Ponta do Sol",586,588,591,584,576,575,584,573,568,561,546,536,581,589,604,618,613,599,540,550,547,544,542,534,582,564,554,558,551,534,528,521,498,467,449,445,521,529,540,532,515,504,451,476,523,548,554,559
"Porto Moniz",236,240,239,230,212,199,168,173,180,189,200,209,197,194,181,172,158,145,213,213,209,194,181,176,137,130,131,128,119,115,166,147,131,118,109,106,119,118,118,123,126,120,110,123,132,134,135,140
"Ribeira Brava",973,949,912,873,846,831,941,953,954,944,940,919,832,862,883,902,916,896,885,846,809,786,774,767,861,845,830,807,806,820,772,750,725,719,704,691,848,852,839,819,773,729,701,732,763,791,832,891
"Santa Cruz",2265,2352,2408,2412,2391,2396,2341,2526,2699,2830,2885,2896,2426,2491,2596,2597,2498,2446,2880,2834,2773,2620,2463,2405,2402,2340,2332,2395,2451,2490,2373,2328,2243,2140,2063,2031,2509,2494,2506,2547,2577,2589,2020,2103,2273,2407,2518,2611
"Santana",694,666,634,587,530,482,625,628,618,615,604,577,460,445,425,426,432,414,547,526,494,449,414,401,386,377,370,356,350,354,387,355,334,325,307,287,348,330,321,311,295,279,291,312,326,337,354,359
"São Vicente",467,461,452,434,406,394,410,410,413,411,412,411,385,373,364,353,335,318,405,401,396,375,359,344,299,284,277,267,258,250,320,297,274,252,236,225,240,238,251,253,252,257,221,230,239,245,252,260
"Porto Santo",432,420,412,389,355,347,360,392,414,437,466,471,352,343,349,361,341,310,460,455,432,395,376,357,293,282,273,269,270,275,327,312,304,279,254,240,274,268,279,289,296,306,232,246,266,284,308,316
