Territórios,2001,2002,2003,2004,2005,2006,2007,2008,2009,2010,2011,2012,2013,2014,2015,2016,2017,2018,2019,2020,2021,2022,2023,2024
Arcos de Valdevez,3020,3019,2982,2950,2918,2896,2920,2919,2914,2942,2982,3028,3067,3084,3052,3003,2925,2831,2750,2689,2621,2573,2583,2598
Caminha,2044,2077,2097,2105,2116,2177,2243,2301,2367,2403,2422,2446,2455,2460,2461,2436,2420,2383,2341,2322,2290,2291,2308,2306
Melgaço,1282,1243,1214,1194,1183,1184,1186,1189,1209,1240,1279,1304,1303,1288,1268,1251,1228,1179,1120,1043,980,970,964,953
Monção,2471,2471,2483,2486,2494,2518,2562,2597,2605,2637,2695,2745,2777,2779,2742,2693,2654,2614,2555,2502,2451,2410,2382,2367
Paredes de Coura,1112,1118,1110,1097,1093,1091,1095,1084,1070,1086,1105,1131,1167,1190,1197,1206,1217,1218,1212,1213,1212,1207,1217,1228
Ponte da Barca,1361,1369,1381,1376,1370,1387,1432,1475,1501,1519,1543,1575,1599,1636,1658,1650,1626,1611,1608,1610,1604,1587,1597,1599
Ponte de Lima,4450,4569,4647,4694,4731,4762,4846,4945,5036,5143,5247,5363,5487,5595,5685,5805,5921,6006,6092,6169,6205,6204,6237,6295
Valença,1666,1711,1754,1775,1799,1816,1841,1892,1922,1927,1933,1933,1921,1914,1909,1907,1917,1902,1881,1877,1867,1887,1945,2000
Viana do Castelo,9886,10221,10473,10712,10967,11266,11643,11993,12291,12591,12776,12863,12969,13048,13051,13006,12932,12833,12775,12768,12651,12567,12628,12694
Vila Nova de Cerveira,999,1013,1030,1050,1057,1066,1093,1128,1171,1214,1229,1234,1235,1230,1216,1216,1213,1196,1185,1191,1214,1236,1276,1320
Amares,1755,1833,1887,1936,1985,2035,2125,2202,2258,2336,2408,2474,2535,2572,2603,2626,2626,2644,2676,2711,2737,2764,2820,2883
Barcelos,11512,12103,12619,13110,13546,13912,14372,14778,15036,15386,15743,16012,16318,16640,16972,17264,17484,17670,17931,18168,18277,18429,18578,18682
Braga,16360,17331,18214,18980,19716,20451,21333,22164,22793,23461,24056,24582,25106,25695,26267,26770,27171,27558,28142,28682,28999,29443,30051,30473
Esposende,3227,3366,3480,3609,3753,3880,3983,4055,4115,4234,4373,4480,4599,4722,4836,4958,5074,5150,5183,5225,5272,5361,5453,5514
Terras de Bouro,856,847,852,857,858,864,891,920,914,909,948,982,989,1016,1037,1040,1030,997,1000,1035,1024,997,986,960
Vila Verde,4447,4568,4667,4749,4801,4880,5017,5113,5237,5434,5632,5795,5975,6112,6227,6318,6356,6414,6468,6532,6617,6728,6821,6919
Cabeceiras de Basto,1434,1479,1510,1528,1559,1608,1704,1802,1882,1962,2046,2139,2244,2330,2379,2408,2385,2357,2356,2354,2333,2307,2288,2292
Fafe,5226,5454,5707,5961,6191,6381,6561,6691,6823,7031,7205,7339,7430,7455,7456,7492,7515,7471,7428,7379,7339,7323,7341,7377
Guimarães,15470,16300,17098,17937,18727,19415,20102,20705,21221,21756,22264,22714,23156,23559,23891,24160,24441,24660,24804,24935,25013,25096,25191,25139
Mondim de Basto,821,817,810,810,822,837,864,887,893,913,950,985,1007,1022,1043,1058,1063,1068,1064,1061,1057,1040,1032,1019
Póvoa de Lanhoso,1956,2036,2124,2205,2292,2401,2536,2648,2757,2898,3015,3120,3235,3311,3356,3390,3395,3399,3397,3386,3384,3367,3363,3402
Vieira do Minho,1450,1468,1474,1478,1478,1486,1530,1607,1670,1711,1782,1850,1903,1966,2009,2019,2007,1958,1917,1882,1826,1799,1774,1740
Vila Nova de Famalicão,13287,13967,14568,15197,15776,16255,16784,17201,17522,17833,18094,18352,18716,19112,19451,19847,20197,20432,20634,20815,21015,21300,21537,21649
Vizela,2078,2187,2301,2413,2529,2641,2756,2894,3009,3090,3175,3272,3361,3465,3551,3620,3694,3742,3782,3832,3877,3923,3994,4019
Arouca,2346,2455,2517,2559,2609,2673,2758,2821,2868,2938,3003,3079,3166,3222,3262,3275,3269,3245,3234,3233,3195,3130,3083,3081
Espinho,4354,4445,4544,4663,4771,4840,4901,4923,4917,4941,4985,4991,5004,5022,5005,4989,4972,4940,4896,4848,4817,4816,4795,4764
Gondomar,19497,20278,20888,21377,21850,22343,22909,23359,23684,23938,24107,24315,24596,24924,25252,25574,25775,25825,25891,25949,26017,26166,26341,26461
Maia,14001,14600,15085,15471,15848,16214,16570,16841,17115,17508,17813,18042,18301,18630,18994,19319,19639,20001,20329,20559,20909,21520,22203,22788
Matosinhos,21335,22156,22866,23512,24104,24613,25215,25610,25759,25969,26121,26250,26332,26367,26423,26388,26246,26137,26060,25913,25915,26180,26508,26807
Oliveira de Azeméis,8032,8233,8395,8571,8746,8925,9200,9454,9637,9823,10013,10205,10388,10561,10661,10743,10760,10694,10618,10563,10546,10551,10559,10509
Paredes,7758,8143,8437,8698,8966,9230,9509,9790,10065,10430,10809,11117,11417,11789,12155,12471,12776,12975,13139,13353,13542,13733,13954,14101
Porto,34938,35654,36092,36258,36198,36042,35915,35552,35149,34858,34339,33723,33308,33125,33012,32858,32601,32330,32098,31649,31392,31672,32106,32415
Póvoa de Varzim,6724,7032,7290,7477,7640,7812,8029,8189,8337,8495,8592,8685,8809,8967,9108,9215,9303,9365,9411,9496,9618,9808,10033,10223
Santa Maria da Feira,14523,14990,15430,15985,16487,16874,17416,17997,18511,19057,19604,20122,20567,20994,21348,21652,21876,21919,21886,21839,21816,21843,21904,21932
Santo Tirso,8532,8941,9313,9656,9943,10135,10304,10429,10488,10566,10642,10671,10700,10776,10836,10870,10941,11027,11040,10965,10864,10759,10641,10527
São João da Madeira,2310,2421,2524,2587,2652,2736,2838,2942,3040,3126,3206,3254,3293,3338,3374,3417,3448,3454,3445,3445,3473,3508,3541,3590
Trofa,4028,4224,4408,4581,4737,4885,5024,5111,5207,5340,5451,5541,5602,5684,5800,5883,5944,5993,6031,6055,6097,6166,6226,6276
Vale de Cambra,2948,3026,3049,3097,3163,3192,3225,3249,3266,3303,3333,3351,3360,3347,3326,3285,3247,3234,3223,3181,3143,3135,3133,3132
Valongo,9935,10386,10758,11061,11289,11493,11800,12100,12324,12517,12657,12783,12933,13153,13373,13528,13645,13717,13772,13875,14070,14344,14685,15056
Vila do Conde,8556,8887,9149,9371,9636,9833,9988,10127,10254,10410,10575,10739,10971,11203,11351,11526,11690,11809,11952,12126,12295,12521,12708,12844
Vila Nova de Gaia,34103,35428,36512,37473,38355,39133,40061,40811,41310,41486,41693,42274,42968,43666,44304,44976,45528,45842,46105,46325,46636,47146,47684,48210
Boticas,763,753,756,758,745,749,770,784,791,797,811,835,838,839,849,837,814,783,755,731,700,669,648,634
Chaves,5205,5360,5490,5551,5608,5662,5765,5878,5951,6029,6118,6157,6163,6146,6124,6085,5984,5879,5780,5672,5558,5432,5341,5294
Montalegre,1510,1517,1517,1516,1498,1490,1520,1542,1532,1530,1554,1567,1556,1560,1582,1586,1548,1494,1455,1398,1319,1256,1216,1176
Ribeira de Pena,760,763,782,788,773,773,817,865,894,918,950,983,991,996,1008,1009,991,960,937,907,862,831,814,796
Valpaços,2487,2506,2501,2512,2525,2529,2548,2552,2534,2509,2493,2489,2496,2480,2435,2399,2363,2307,2237,2174,2066,1969,1914,1865
Vila Pouca de Aguiar,1884,1887,1880,1872,1864,1862,1865,1880,1906,1932,1959,2000,2041,2065,2069,2063,2055,2026,1961,1889,1817,1743,1672,1621
Amarante,5461,5719,5955,6134,6336,6571,6812,7038,7284,7568,7830,8044,8212,8362,8482,8561,8618,8615,8550,8480,8416,8345,8344,8266
Baião,2020,2074,2113,2155,2210,2261,2330,2390,2447,2519,2586,2668,2745,2835,2905,2957,3003,3027,3025,3014,2978,2909,2865,2826
Castelo de Paiva,1625,1676,1724,1781,1856,1924,1970,2008,2074,2163,2236,2303,2355,2399,2425,2466,2533,2584,2605,2600,2596,2597,2610,2629
Celorico de Basto,1667,1730,1812,1875,1939,2021,2122,2224,2323,2424,2519,2615,2704,2787,2829,2834,2837,2837,2818,2777,2730,2697,2680,2659
Cinfães,2218,2282,2310,2307,2330,2377,2418,2472,2517,2556,2599,2633,2678,2750,2795,2832,2870,2870,2854,2858,2858,2845,2846,2809
Felgueiras,4914,5160,5400,5643,5878,6155,6493,6763,7016,7317,7607,7865,8127,8390,8596,8758,8862,8931,9000,9064,9103,9065,8996,8898
Lousada,3782,3980,4198,4397,4543,4720,4952,5218,5488,5719,5931,6157,6380,6593,6794,6986,7159,7258,7329,7381,7441,7520,7578,7651
Marco de Canaveses,4488,4769,5009,5173,5316,5507,5738,5942,6158,6434,6655,6814,6979,7217,7437,7597,7750,7877,7963,8024,8085,8161,8255,8277
Paços de Ferreira,4831,5082,5310,5526,5714,5913,6185,6413,6609,6906,7186,7399,7633,7888,8112,8322,8515,8668,8791,8882,8923,8963,9013,9034
Penafiel,6210,6577,6861,7082,7358,7672,8012,8326,8604,8952,9299,9587,9906,10223,10446,10658,10852,10971,11045,11051,11041,11088,11146,11159
Resende,1183,1180,1181,1186,1200,1221,1246,1270,1277,1305,1372,1440,1487,1524,1566,1587,1607,1638,1665,1675,1651,1619,1599,1577
Alijó,1692,1671,1643,1630,1637,1640,1649,1658,1670,1681,1693,1719,1745,1761,1773,1791,1776,1745,1708,1668,1629,1587,1547,1502
Armamar,775,774,762,740,735,736,744,754,774,794,812,847,900,951,982,998,1002,995,985,967,954,933,908,874
Carrazeda de Ansiães,999,969,948,935,935,936,921,902,891,880,874,871,870,865,854,840,818,804,798,777,758,746,726,708
Freixo de Espada à Cinta,527,512,485,458,438,425,429,440,451,450,444,440,437,433,433,441,436,409,394,393,381,376,381,385
Lamego,2906,2960,3031,3101,3189,3297,3422,3530,3625,3736,3856,3960,4052,4126,4160,4183,4195,4201,4202,4168,4094,4010,3936,3880
Mesão Frio,501,511,528,546,568,596,615,619,616,613,615,628,635,645,648,628,618,613,591,569,560,544,529,521
Moimenta da Beira,1204,1222,1249,1259,1260,1264,1285,1313,1329,1350,1390,1442,1473,1498,1514,1519,1503,1466,1429,1392,1348,1307,1283,1263
Murça,819,825,826,823,815,825,835,842,848,844,835,844,861,877,890,886,882,860,822,796,780,756,739,717
Penedono,328,336,343,340,342,348,356,379,398,412,422,430,439,446,452,455,446,432,415,393,377,372,369,374
Peso da Régua,2002,2043,2097,2156,2218,2287,2345,2399,2447,2485,2539,2604,2645,2661,2656,2625,2574,2510,2432,2354,2290,2250,2198,2150
Sabrosa,783,790,808,815,824,847,875,887,887,888,895,898,900,910,904,884,860,847,828,792,773,759,738,727
Santa Marta de Penaguião,947,969,992,1005,1006,1026,1050,1074,1088,1103,1116,1124,1117,1097,1086,1067,1044,1006,966,938,908,882,873,876
São João da Pesqueira,839,852,857,867,895,929,957,971,986,1002,1034,1081,1121,1145,1156,1168,1166,1145,1114,1084,1042,1006,999,992
Sernancelhe,678,662,654,648,646,650,658,675,697,713,757,809,840,881,910,929,946,948,940,910,865,838,830,809
Tabuaço,657,680,712,732,744,768,795,807,810,831,865,877,892,912,917,899,870,849,835,801,760,737,715,699
Tarouca,856,861,846,843,861,868,882,887,899,932,955,997,1062,1106,1135,1168,1187,1193,1202,1202,1192,1190,1187,1194
Torre de Moncorvo,1190,1174,1151,1150,1155,1154,1161,1167,1174,1178,1183,1198,1202,1170,1146,1120,1084,1052,1008,963,925,892,856,827
Vila Nova de Foz Côa,977,960,943,948,951,954,970,978,987,1020,1036,1032,1033,1023,1018,1007,987,965,944,917,903,913,916,904
Vila Real,5535,5716,5822,5897,6020,6200,6439,6625,6742,6887,7025,7146,7266,7382,7503,7621,7675,7735,7819,7865,7885,7888,7866,7873
Alfândega da Fé,702,692,682,667,658,657,666,679,692,704,723,741,744,752,757,755,738,710,684,652,618,582,561,542
Bragança,4077,4194,4330,4445,4539,4672,4816,4932,5014,5072,5128,5186,5175,5133,5082,5011,4968,4924,4887,4865,4820,4775,4783,4820
Macedo de Cavaleiros,2073,2100,2116,2131,2161,2204,2248,2283,2326,2350,2363,2385,2382,2365,2340,2298,2262,2238,2207,2167,2107,2047,1992,1954
Miranda do Douro,1038,1030,993,982,995,995,993,999,1008,1014,1018,1029,1038,1009,973,954,933,919,904,878,857,843,825,822
Mirandela,3037,3104,3158,3203,3246,3305,3397,3477,3549,3607,3593,3570,3550,3495,3430,3361,3287,3205,3123,3061,3016,3000,2995,2960
Mogadouro,1330,1322,1300,1284,1268,1269,1299,1314,1312,1320,1349,1378,1398,1415,1419,1406,1382,1353,1325,1287,1236,1185,1142,1097
Vila Flor,960,942,920,896,904,926,942,950,952,954,959,982,997,992,973,953,929,907,896,879,852,818,806,814
Vimioso,655,641,623,614,598,589,593,591,578,572,587,602,604,609,617,615,601,587,578,557,520,498,493,474
Vinhais,1393,1365,1342,1324,1298,1270,1260,1251,1232,1214,1228,1243,1240,1233,1235,1223,1204,1184,1141,1099,1054,1004,969,943
Águeda,5928,6110,6252,6389,6513,6594,6693,6734,6742,6779,6815,6850,6874,6864,6860,6913,6941,6935,6944,6929,6911,6926,6954,6995
Albergaria-a-Velha,2776,2858,2931,3016,3083,3148,3247,3317,3362,3423,3472,3482,3495,3515,3539,3588,3627,3652,3695,3721,3752,3801,3824,3863
Anadia,3820,3935,4013,4053,4095,4110,4129,4149,4141,4146,4160,4152,4147,4149,4160,4192,4189,4156,4130,4090,4069,4097,4110,4127
Aveiro,8460,8680,8926,9135,9381,9645,9950,10238,10444,10648,10838,10999,11149,11313,11402,11420,11392,11366,11440,11515,11624,11806,12048,12360
Estarreja,3130,3170,3237,3258,3280,3312,3366,3416,3434,3484,3587,3671,3736,3836,3918,3974,4015,4036,4050,4048,4018,3980,3989,4002
Ílhavo,4162,4264,4385,4498,4604,4708,4815,4900,4979,5114,5252,5344,5431,5538,5635,5709,5784,5854,5921,5998,6057,6135,6256,6384
Murtosa,944,969,975,992,1008,1016,1040,1061,1087,1139,1191,1229,1263,1291,1329,1375,1408,1431,1447,1459,1455,1458,1501,1555
Oliveira do Bairro,2423,2456,2499,2534,2558,2587,2627,2661,2672,2697,2743,2779,2790,2799,2804,2813,2837,2892,2973,3070,3170,3248,3382,3550
Ovar,5900,6132,6324,6507,6694,6919,7165,7342,7461,7586,7725,7875,8018,8174,8306,8384,8442,8487,8552,8620,8698,8786,8878,8960
Sever do Vouga,1463,1490,1517,1551,1562,1571,1597,1628,1655,1682,1696,1703,1720,1725,1729,1723,1698,1684,1662,1637,1637,1631,1605,1604
Vagos,2502,2558,2587,2623,2646,2667,2716,2761,2794,2834,2873,2902,2959,3036,3102,3155,3182,3188,3197,3230,3269,3318,3370,3430
Arganil,1459,1443,1436,1418,1399,1404,1437,1486,1533,1583,1652,1709,1751,1800,1833,1833,1807,1754,1697,1667,1648,1628,1604,1581
Cantanhede,4709,4731,4754,4768,4774,4806,4869,4916,4961,4993,5018,5022,4984,4958,4934,4907,4877,4816,4730,4689,4668,4659,4700,4770
Coimbra,18945,19435,19875,20242,20468,20592,20730,20759,20704,20664,20615,20618,20677,20720,20771,20793,20799,20751,20674,20606,20511,20460,20520,20697
Condeixa-a-Nova,1769,1802,1832,1843,1853,1877,1925,1958,1957,1994,2030,2045,2075,2124,2201,2265,2329,2410,2473,2515,2561,2621,2703,2786
Figueira da Foz,7764,7900,8006,8154,8286,8367,8463,8569,8686,8810,8882,8968,9062,9129,9141,9093,9026,8960,8894,8787,8717,8727,8770,8824
Góis,499,484,473,468,468,476,486,491,505,511,515,540,563,566,573,578,562,541,523,512,511,513,518,526
Lousã,1752,1797,1849,1885,1899,1927,1974,2031,2072,2107,2141,2165,2188,2231,2291,2345,2397,2424,2464,2522,2559,2624,2703,2760
Mealhada,2287,2339,2378,2421,2466,2500,2542,2598,2654,2679,2712,2771,2824,2881,2918,2929,2925,2906,2881,2876,2889,2908,2928,2942
Mira,1644,1640,1656,1646,1614,1591,1575,1579,1592,1605,1636,1655,1649,1666,1692,1698,1697,1696,1683,1666,1655,1653,1674,1695
Miranda do Corvo,1451,1450,1467,1475,1485,1508,1537,1557,1570,1613,1667,1729,1793,1858,1922,1965,1986,2001,2013,2016,2015,1997,1994,1992
Montemor-o-Velho,2980,3019,3060,3084,3095,3114,3158,3217,3265,3338,3396,3426,3466,3521,3586,3627,3640,3627,3638,3674,3701,3712,3725,3739
Mortágua,1380,1378,1387,1387,1378,1381,1395,1391,1382,1375,1377,1382,1362,1349,1336,1302,1275,1247,1219,1206,1192,1165,1151,1155
Oliveira do Hospital,2381,2428,2469,2491,2529,2572,2617,2655,2708,2793,2890,2974,3032,3080,3091,3072,3085,3093,3061,3008,2941,2882,2848,2818
Pampilhosa da Serra,575,555,535,519,506,496,504,517,521,514,523,550,577,599,613,612,600,587,579,571,551,532,517,504
Penacova,2031,2050,2082,2092,2096,2079,2068,2080,2086,2086,2076,2096,2111,2111,2113,2127,2121,2080,2031,2005,2001,1990,1986,2002
Penela,723,716,718,714,690,663,662,672,677,687,701,717,738,752,776,801,813,822,824,799,788,794,793,813
Soure,2621,2622,2634,2620,2586,2566,2575,2591,2570,2535,2518,2521,2521,2532,2541,2525,2489,2439,2401,2401,2400,2396,2419,2433
Tábua,1344,1337,1346,1379,1398,1429,1476,1503,1528,1554,1595,1641,1664,1669,1674,1665,1641,1637,1636,1618,1596,1593,1612,1626
Vila Nova de Poiares,700,711,730,753,768,779,802,827,849,865,885,920,946,963,981,1001,1010,998,1008,1043,1064,1080,1090,1105
Alvaiázere,919,909,908,904,900,908,902,876,870,880,899,921,937,969,993,1001,1000,996,977,941,917,911,900,873
Ansião,1655,1649,1634,1620,1630,1646,1645,1635,1641,1669,1686,1689,1717,1756,1778,1795,1813,1810,1776,1746,1735,1739,1739,1747
Batalha,1673,1712,1739,1774,1815,1852,1894,1949,1990,2044,2098,2140,2182,2205,2205,2229,2238,2213,2200,2196,2218,2252,2304,2356
Castanheira de Pêra,476,481,487,491,488,485,482,475,472,464,456,458,464,464,460,459,452,439,433,431,422,412,392,380
Figueiró dos Vinhos,917,910,907,904,894,885,880,893,906,906,910,920,925,922,917,902,882,853,820,794,762,741,736,739
Leiria,13683,14033,14429,14734,14960,15239,15623,15983,16324,16684,16980,17186,17378,17593,17826,18062,18199,18267,18401,18589,18789,19022,19285,19575
Marinha Grande,4701,4795,4911,5017,5072,5104,5124,5097,5061,5076,5131,5176,5203,5260,5316,5342,5382,5455,5529,5587,5649,5719,5845,6004
Pedrógão Grande,451,431,417,422,431,441,460,471,472,480,505,538,557,567,564,553,552,558,556,535,518,509,514,520
Pombal,6257,6289,6335,6440,6532,6591,6684,6810,6989,7196,7348,7465,7551,7580,7594,7584,7547,7481,7385,7279,7185,7100,7080,7133
Porto de Mós,2683,2743,2775,2783,2835,2901,2954,3021,3109,3203,3273,3312,3337,3377,3389,3371,3368,3369,3379,3395,3397,3410,3466,3547
Aguiar da Beira,658,662,673,686,698,713,726,730,737,747,773,814,843,859,866,860,842,819,802,779,750,724,718,710
Carregal do Sal,1248,1247,1261,1267,1269,1267,1269,1258,1257,1265,1283,1294,1292,1307,1329,1340,1328,1317,1302,1282,1257,1246,1243,1230
Castro Daire,1901,1930,1938,1927,1933,1955,1986,2013,2016,2006,2030,2072,2106,2132,2158,2166,2154,2149,2134,2107,2053,1984,1951,1953
Mangualde,2430,2484,2509,2512,2531,2563,2626,2686,2699,2725,2740,2756,2787,2804,2804,2792,2746,2692,2636,2577,2530,2498,2496,2490
Nelas,1715,1764,1800,1832,1846,1871,1922,1951,1966,1991,2015,2005,1975,1940,1920,1889,1852,1828,1790,1728,1683,1676,1677,1694
Oliveira de Frades,1087,1094,1109,1123,1125,1133,1174,1195,1191,1214,1254,1289,1319,1344,1360,1379,1378,1389,1411,1404,1385,1361,1356,1369
Penalva do Castelo,1048,1049,1052,1048,1047,1054,1055,1048,1042,1042,1050,1058,1055,1055,1053,1037,1022,1007,987,963,937,920,931,955
Santa Comba Dão,1617,1625,1617,1616,1610,1596,1596,1599,1584,1565,1549,1540,1536,1537,1532,1510,1493,1477,1442,1412,1397,1388,1398,1418
São Pedro do Sul,2215,2236,2221,2206,2213,2213,2228,2260,2268,2276,2300,2330,2361,2384,2375,2344,2297,2240,2189,2151,2106,2062,2039,2029
Sátão,1353,1394,1431,1462,1473,1482,1539,1588,1632,1694,1747,1789,1801,1784,1761,1729,1668,1620,1593,1566,1545,1524,1514,1514
Tondela,3777,3768,3766,3751,3748,3749,3797,3836,3806,3804,3842,3860,3885,3934,3948,3934,3894,3827,3786,3753,3689,3623,3587,3578
Vila Nova de Paiva,620,627,629,623,623,620,636,656,669,686,696,715,726,730,732,732,727,713,693,675,660,643,649,668
Viseu,10937,11158,11327,11469,11697,11942,12216,12452,12577,12756,12949,13054,13184,13359,13409,13409,13438,13441,13535,13685,13812,13964,14199,14501
Vouzela,1368,1374,1387,1379,1352,1341,1352,1375,1368,1357,1362,1359,1343,1348,1376,1398,1405,1387,1381,1392,1398,1403,1401,1391
Castelo Branco,6666,6833,6968,7091,7202,7285,7410,7561,7673,7749,7804,7836,7845,7863,7866,7834,7793,7710,7629,7605,7561,7526,7545,7534
Idanha-a-Nova,1198,1185,1161,1130,1117,1104,1084,1078,1086,1082,1075,1090,1111,1125,1132,1140,1131,1110,1094,1073,1063,1053,1038,1031
Oleiros,801,787,759,745,742,730,729,733,747,745,744,762,780,773,770,777,766,761,732,697,683,662,632,611
Penamacor,653,631,600,586,582,582,593,599,602,603,618,660,688,698,714,714,706,707,708,707,694,658,637,630
Proença-a-Nova,1025,1026,1037,1047,1039,1047,1063,1070,1088,1101,1114,1147,1171,1181,1187,1189,1178,1151,1119,1081,1039,1005,962,928
Sertã,1739,1747,1775,1785,1802,1832,1867,1899,1935,1976,2043,2100,2157,2224,2256,2286,2307,2307,2314,2305,2257,2197,2143,2109
Vila de Rei,299,296,297,301,305,314,328,345,359,372,397,426,441,447,445,441,422,398,388,397,408,405,400,407
Vila Velha de Ródão,490,489,483,475,474,458,437,424,415,408,401,400,406,416,419,416,406,398,391,389,395,402,406,410
Almeida,1036,1038,1031,1016,1004,1002,1012,1018,1009,1010,1016,1014,1010,1004,998,983,962,935,900,871,842,815,785,742
Belmonte,769,793,810,820,838,859,885,916,956,1003,1032,1046,1050,1044,1044,1035,1010,974,921,875,849,824,816,831
Celorico da Beira,944,937,938,941,936,947,978,999,1018,1036,1050,1068,1080,1083,1080,1067,1035,1002,979,949,918,892,881,894
Covilhã,6873,7065,7219,7334,7442,7559,7701,7769,7786,7768,7763,7731,7644,7557,7462,7324,7159,7029,6906,6832,6772,6677,6645,6662
Figueira de Castelo Rodrigo,807,810,819,814,794,789,797,805,803,799,798,799,807,812,823,815,787,757,726,694,672,663,648,633
Fornos de Algodres,589,579,573,568,557,559,573,573,587,618,629,649,672,688,702,703,703,704,682,650,636,626,608,592
Fundão,3484,3492,3531,3587,3636,3709,3810,3914,4025,4112,4175,4256,4270,4239,4202,4156,4098,3985,3868,3827,3777,3670,3617,3603
Gouveia,2002,2012,2010,2001,1999,2005,2032,2031,2000,1989,1980,1985,2007,2012,1988,1955,1923,1871,1807,1761,1726,1676,1625,1589
Guarda,4609,4759,4874,4954,5046,5190,5416,5644,5821,5986,6120,6200,6309,6419,6477,6493,6456,6417,6370,6304,6262,6211,6149,6101
Manteigas,479,490,508,520,530,554,576,583,590,590,597,608,601,581,552,515,483,467,456,438,411,387,381,377
Mêda,735,733,730,725,701,678,681,693,693,688,689,690,688,702,726,730,720,702,680,661,647,631,614,593
Pinhel,1312,1294,1282,1266,1246,1219,1222,1243,1255,1268,1296,1335,1358,1348,1329,1323,1309,1277,1242,1202,1159,1119,1084,1072
Sabugal,1541,1529,1505,1488,1492,1516,1567,1646,1691,1714,1768,1820,1832,1817,1797,1759,1693,1618,1561,1514,1448,1400,1373,1346
Seia,3484,3572,3628,3690,3756,3777,3810,3859,3878,3896,3898,3875,3845,3791,3717,3627,3541,3451,3354,3250,3137,3038,2958,2908
Trancoso,1234,1233,1230,1225,1220,1223,1236,1254,1276,1288,1302,1336,1357,1358,1353,1341,1314,1279,1251,1221,1190,1159,1138,1129
Alcobaça,6543,6690,6815,6930,7037,7147,7265,7389,7496,7612,7737,7794,7840,7910,7990,8068,8127,8180,8274,8378,8415,8479,8565,8615
Alenquer,4554,4635,4685,4736,4771,4806,4859,4946,5040,5115,5171,5250,5334,5422,5529,5642,5736,5789,5859,5980,6144,6363,6627,6914
Arruda dos Vinhos,1355,1369,1396,1419,1430,1434,1436,1435,1427,1456,1492,1504,1513,1539,1579,1636,1727,1818,1910,1965,2005,2106,2234,2344
Bombarral,1604,1653,1683,1714,1737,1750,1767,1775,1780,1765,1741,1738,1743,1749,1752,1759,1770,1791,1805,1813,1848,1891,1908,1918
Cadaval,1717,1718,1715,1726,1734,1746,1767,1794,1821,1851,1861,1860,1866,1861,1852,1845,1832,1816,1813,1827,1866,1932,2007,2067
Caldas da Rainha,5550,5710,5872,5979,6051,6156,6321,6494,6641,6784,6936,7071,7153,7214,7305,7359,7364,7379,7401,7412,7452,7517,7625,7759
Lourinhã,2670,2778,2847,2896,2953,3011,3069,3140,3234,3316,3360,3388,3431,3452,3456,3471,3487,3494,3502,3557,3631,3684,3752,3860
Nazaré,1981,2025,2078,2107,2127,2147,2153,2162,2155,2146,2139,2119,2100,2108,2123,2129,2144,2155,2166,2180,2203,2236,2241,2238
Óbidos,1352,1360,1382,1419,1456,1468,1471,1499,1522,1543,1576,1607,1644,1675,1678,1685,1711,1733,1758,1782,1804,1843,1879,1917
Peniche,3292,3363,3444,3511,3554,3569,3597,3668,3741,3809,3847,3848,3838,3821,3814,3804,3769,3720,3687,3671,3659,3671,3699,3728
Sobral de Monte Agraço,1084,1125,1146,1161,1180,1196,1210,1229,1269,1287,1287,1305,1324,1330,1323,1329,1351,1384,1422,1451,1480,1543,1634,1725
Torres Vedras,8563,8740,8816,8862,8921,8991,9105,9257,9454,9710,9900,10035,10230,10446,10671,10895,11100,11314,11491,11686,11951,12272,12644,12954
Abrantes,4874,4945,5051,5158,5233,5257,5317,5390,5434,5516,5613,5639,5639,5642,5622,5602,5542,5462,5399,5300,5191,5128,5075,4996
Alcanena,1746,1769,1793,1818,1849,1874,1899,1923,1942,1954,1946,1941,1942,1944,1941,1930,1895,1853,1834,1829,1836,1833,1819,1838
Constância,469,466,468,466,470,486,493,499,500,495,506,523,541,556,560,560,558,562,574,589,597,597,595,605
Entroncamento,2015,2022,2027,2036,2046,2097,2177,2253,2345,2457,2539,2609,2704,2807,2916,2981,3006,3025,3057,3100,3163,3222,3246,3297
Ferreira do Zêzere,955,948,934,938,954,967,986,1002,1021,1057,1094,1119,1136,1145,1152,1161,1147,1125,1117,1116,1115,1099,1091,1091
Mação,850,815,798,792,788,788,783,781,792,801,841,902,924,935,949,961,968,964,951,927,892,847,822,820
Ourém,4628,4692,4789,4876,5002,5155,5330,5471,5599,5777,5975,6116,6221,6356,6446,6489,6523,6530,6509,6504,6496,6494,6502,6493
Sardoal,396,403,415,431,443,446,452,467,480,489,510,530,539,548,557,562,561,557,547,535,523,515,508,510
Tomar,5014,5047,5049,5086,5185,5295,5403,5447,5450,5482,5561,5668,5775,5814,5798,5804,5781,5736,5694,5646,5571,5485,5409,5366
Torres Novas,4551,4665,4711,4732,4774,4802,4846,4907,4951,5000,5017,4986,4980,5025,5062,5097,5087,5065,5052,4994,4955,4943,4978,4997
Vila Nova da Barquinha,970,953,934,926,916,924,933,925,917,922,940,962,979,995,1007,1016,1032,1045,1049,1028,1021,1050,1089,1128
Almeirim,2902,2934,2949,2944,2953,2950,2933,2929,2912,2902,2912,2916,2910,2915,2927,2944,2979,2990,2993,3023,3049,3097,3183,3280
Alpiarça,1064,1093,1109,1123,1122,1097,1074,1057,1049,1030,999,981,967,947,944,952,951,938,932,937,951,964,980,1005
Azambuja,2603,2640,2657,2672,2685,2709,2726,2752,2785,2824,2870,2869,2855,2845,2845,2876,2899,2904,2926,2968,3042,3122,3203,3293
Benavente,2815,2855,2884,2903,2907,2924,3006,3096,3136,3207,3292,3369,3453,3538,3651,3763,3860,3942,4038,4169,4326,4448,4578,4736
Cartaxo,2990,3021,3025,3027,3023,3032,3067,3099,3111,3147,3167,3189,3247,3286,3311,3312,3281,3256,3272,3320,3392,3468,3542,3583
Chamusca,1436,1425,1417,1402,1387,1381,1408,1426,1418,1406,1410,1420,1425,1441,1445,1414,1369,1325,1291,1266,1236,1214,1204,1195
Coruche,2640,2641,2616,2623,2668,2704,2746,2798,2851,2904,2887,2852,2855,2808,2744,2720,2686,2642,2595,2544,2511,2481,2466,2481
Golegã,685,716,719,696,693,704,713,713,715,729,757,770,760,768,771,755,752,760,752,742,740,753,771,781
Rio Maior,2489,2540,2575,2597,2617,2613,2610,2633,2666,2724,2765,2775,2797,2841,2870,2886,2916,2931,2947,2973,3028,3091,3134,3176
Salvaterra de Magos,2564,2616,2641,2646,2664,2710,2749,2782,2812,2848,2878,2895,2918,2935,2989,3039,3048,3043,3051,3099,3141,3177,3242,3329
Santarém,7826,7919,7943,7970,8035,8073,8113,8136,8126,8134,8153,8181,8243,8270,8256,8271,8268,8230,8236,8278,8368,8506,8636,8785
Amadora,25543,25818,25835,25657,25396,25056,24773,24475,24180,23913,23504,23022,22656,22383,22164,22014,21874,21716,21577,21455,21522,21880,22310,22836
Cascais,23439,24074,24571,24796,24980,25158,25268,25334,25440,25663,25882,26028,26225,26618,27134,27731,28399,29118,29865,30396,30791,31431,32209,32971
Lisboa,74827,75154,75125,74684,74135,73590,73003,72125,71091,70274,69025,67208,65891,65402,65499,65872,66412,67123,68064,68477,68655,70086,72024,73794
Loures,28392,28906,29113,29032,28818,28569,28371,28089,27773,27619,27118,26403,26047,25908,25858,25843,25789,25728,25770,25856,26038,26514,27170,27818
Mafra,6482,6621,6698,6751,6871,7019,7178,7348,7537,7774,8040,8283,8582,8944,9314,9730,10191,10629,11143,11697,12203,12739,13262,13816
Odivelas,19870,20287,20551,20579,20430,20332,20292,20107,19767,19444,19084,18628,18202,18018,18011,17998,18006,18013,18045,18173,18407,18833,19405,20023
Oeiras,24691,25204,25428,25312,25100,24764,24346,23876,23376,22913,22310,21737,21412,21272,21229,21263,21391,21572,21832,22127,22619,23401,24253,25169
Sintra,41312,42467,43342,43887,44187,44518,45086,45596,45980,46579,47175,47719,48500,49504,50745,52043,53156,54082,55038,56033,57116,58386,59532,60505
Vila Franca de Xira,15098,15727,16277,16756,17229,17632,17965,18252,18447,18577,18526,18392,18258,18158,18133,18175,18264,18326,18396,18476,18680,19114,19628,20185
Alcochete,1652,1661,1671,1676,1667,1678,1704,1717,1727,1763,1802,1864,1948,2026,2112,2196,2312,2451,2581,2687,2799,2945,3091,3253
Almada,21707,22138,22403,22445,22475,22642,22828,22910,23012,23136,23054,22874,22811,22874,22997,23121,23212,23229,23311,23406,23556,23922,24385,24965
Barreiro,12775,12815,12667,12439,12188,11891,11612,11304,10988,10732,10417,10101,9918,9814,9723,9693,9708,9737,9816,9912,10027,10227,10516,10873
Moita,8361,8661,8879,8990,9094,9218,9307,9359,9420,9485,9476,9376,9269,9181,9077,8968,8874,8765,8665,8667,8702,8761,8943,9227
Montijo,5067,5181,5302,5372,5375,5419,5503,5573,5631,5676,5677,5659,5655,5735,5907,6061,6196,6323,6503,6747,6997,7271,7574,7923
Palmela,6867,6978,7031,7067,7095,7112,7175,7283,7373,7494,7623,7794,8004,8193,8382,8588,8766,8904,9084,9320,9627,9943,10256,10666
Seixal,19908,20633,21214,21614,21967,22299,22488,22502,22454,22472,22392,22133,21904,21790,21655,21524,21409,21243,21212,21430,21747,22262,22940,23644
Sesimbra,4592,4703,4780,4811,4875,4992,5119,5202,5321,5508,5648,5763,5944,6161,6314,6438,6599,6775,6958,7135,7301,7536,7785,8044
Setúbal,15277,15708,15981,16044,15999,15989,16059,16153,16127,16015,15911,15773,15704,15757,15868,15969,15982,15929,16008,16233,16483,16810,17233,17670
Alcácer do Sal,1844,1874,1891,1905,1920,1932,1922,1909,1916,1919,1917,1910,1893,1858,1802,1747,1696,1638,1563,1495,1447,1414,1400,1402
Grândola,1886,1875,1857,1844,1833,1828,1840,1862,1881,1892,1919,1964,1990,1995,1986,1964,1914,1841,1790,1781,1792,1809,1837,1866
Odemira,2917,2937,2963,2984,3022,3055,3111,3190,3280,3397,3496,3515,3518,3529,3562,3646,3689,3698,3739,3797,3842,3915,4026,4131
Santiago do Cacém,3942,4034,4138,4217,4296,4406,4518,4632,4744,4838,4857,4812,4734,4627,4505,4356,4159,3943,3757,3624,3556,3534,3519,3522
Sines,1645,1715,1782,1810,1858,1930,1987,2053,2110,2159,2173,2159,2166,2188,2175,2133,2098,2052,2018,1995,1970,1962,1957,1966
Aljustrel,1261,1294,1320,1325,1343,1379,1406,1430,1443,1454,1471,1472,1455,1438,1412,1388,1369,1334,1303,1281,1258,1235,1232,1230
Almodôvar,1042,1050,1048,1029,1016,1021,1014,997,978,972,977,977,976,972,958,968,985,970,975,971,938,907,893,894
Alvito,293,296,298,291,284,287,293,306,325,335,338,343,344,341,333,326,325,316,301,295,299,298,300,308
Barrancos,178,170,170,176,180,181,177,175,179,186,192,199,206,210,221,236,261,283,293,294,300,306,301,291
Beja,3994,4107,4224,4292,4352,4440,4487,4524,4575,4639,4691,4699,4716,4771,4804,4824,4852,4822,4786,4777,4795,4822,4828,4835
Castro Verde,822,816,821,839,868,907,932,945,958,963,974,1003,1031,1049,1061,1075,1095,1104,1101,1097,1079,1059,1052,1037
Cuba,570,562,555,552,549,538,527,525,532,548,571,599,612,611,615,634,653,662,663,659,643,624,619,619
Ferreira do Alentejo,1056,1065,1069,1070,1090,1098,1088,1101,1113,1119,1128,1139,1144,1135,1110,1092,1089,1072,1057,1037,1004,978,970,970
Mértola,895,878,873,862,868,878,880,882,885,877,891,923,960,984,992,1000,999,990,993,992,976,956,933,917
Moura,1738,1764,1770,1752,1761,1807,1858,1905,1942,1993,2028,2028,2041,2053,2034,2010,2001,1977,1955,1924,1882,1863,1833,1797
Ourique,731,717,709,700,687,669,670,686,692,665,653,672,682,693,700,708,712,707,712,727,734,731,722,705
Serpa,1792,1823,1857,1872,1871,1893,1925,1987,2073,2154,2211,2256,2273,2283,2308,2310,2304,2281,2246,2223,2185,2143,2113,2061
Vidigueira,606,607,615,629,646,655,670,691,705,714,725,743,769,786,780,769,765,762,752,750,761,761,740,728
Alter do Chão,395,398,402,402,408,416,417,420,433,441,439,447,464,474,474,477,481,474,456,436,429,423,408,396
Arronches,353,347,337,330,327,324,326,330,343,351,356,361,374,386,396,416,425,420,422,432,430,425,425,432
Avis,592,599,598,589,584,588,606,624,628,622,611,602,605,603,593,585,573,563,554,542,533,518,504,507
Campo Maior,934,942,961,973,975,979,976,978,991,988,994,1015,1022,1026,1018,1025,1054,1075,1084,1084,1080,1087,1106,1119
Castelo de Vide,390,396,416,418,417,422,424,424,426,432,439,443,445,451,453,461,474,476,468,470,483,484,471,471
Crato,535,534,533,534,535,524,506,490,481,471,461,468,477,479,480,483,487,488,481,482,487,476,465,461
Elvas,2413,2431,2447,2477,2513,2560,2610,2661,2737,2850,2948,3018,3096,3172,3209,3214,3213,3189,3153,3098,3072,3045,3013,2994
Fronteira,413,428,438,440,430,420,422,428,442,458,465,468,467,467,469,461,451,443,427,411,405,397,386,380
Gavião,468,451,447,446,434,427,428,434,446,458,480,506,519,525,534,542,539,523,493,473,463,451,442,443
Marvão,461,466,462,448,446,441,435,438,440,436,436,442,451,462,467,479,491,492,490,484,466,450,449,444
Monforte,333,323,318,317,322,331,328,324,329,332,352,379,391,398,405,412,419,418,415,418,415,405,411,415
Nisa,932,936,931,912,901,897,882,866,859,857,854,866,891,900,900,904,902,901,896,884,877,858,833,814
Ponte de Sor,1947,1958,1979,2015,2044,2059,2089,2138,2185,2254,2324,2368,2412,2449,2470,2484,2469,2412,2355,2324,2281,2233,2213,2179
Portalegre,3238,3295,3351,3379,3368,3366,3389,3407,3430,3477,3513,3513,3487,3461,3432,3399,3368,3302,3257,3224,3167,3140,3131,3137
Sousel,616,607,617,614,603,588,578,587,591,584,586,596,608,608,595,600,607,601,593,594,611,613,603,601
Alandroal,652,645,632,631,639,645,657,673,685,702,710,723,755,776,787,791,796,809,806,793,793,784,771,757
Arraiolos,829,851,874,890,901,911,903,890,879,875,886,915,939,942,952,971,985,980,981,991,995,993,1003,1031
Borba,808,834,867,886,894,902,897,896,903,913,928,943,967,988,1014,1055,1085,1088,1072,1066,1073,1064,1037,1027
Estremoz,1642,1642,1638,1639,1630,1625,1623,1649,1697,1742,1777,1814,1841,1860,1898,1948,1996,2028,2053,2058,2018,1968,1944,1933
Évora,6437,6640,6870,7097,7288,7451,7561,7622,7702,7806,7859,7891,7899,7839,7781,7753,7728,7744,7758,7715,7691,7653,7614,7643
Montemor-o-Novo,2159,2175,2173,2150,2127,2133,2155,2174,2197,2211,2222,2251,2270,2283,2272,2241,2227,2207,2169,2134,2120,2111,2122,2142
Mora,646,646,658,678,689,700,719,729,724,725,723,727,722,711,692,674,654,625,599,579,554,531,529,529
Mourão,285,286,290,297,306,314,315,317,325,325,330,348,363,371,366,364,358,351,344,342,354,355,358,359
Portel,759,769,773,778,777,763,754,743,753,777,797,809,831,844,844,852,864,870,858,835,829,829,818,809
Redondo,787,794,794,788,798,815,821,818,810,809,833,845,849,878,900,901,912,919,928,940,934,940,949,937
Reguengos de Monsaraz,1235,1246,1238,1250,1272,1293,1331,1362,1380,1404,1429,1445,1454,1446,1441,1449,1444,1445,1449,1429,1408,1416,1455,1496
Vendas Novas,1705,1705,1662,1617,1573,1525,1501,1478,1434,1397,1379,1366,1360,1351,1359,1376,1378,1383,1404,1443,1489,1544,1597,1656
Viana do Alentejo,535,531,533,525,521,539,562,586,605,622,646,680,719,751,771,794,802,790,777,772,782,784,780,788
Vila Viçosa,919,935,955,970,987,1006,1032,1065,1093,1133,1180,1209,1233,1264,1293,1294,1283,1271,1257,1242,1215,1193,1179,1166
Albufeira,3476,3594,3717,3855,4010,4193,4388,4571,4741,5004,5287,5486,5669,5844,5993,6144,6313,6463,6593,6675,6700,6758,6875,7040
Alcoutim,449,438,431,430,414,399,395,378,361,347,336,339,338,327,324,326,330,331,326,316,309,303,303,304
Aljezur,632,652,667,661,644,649,672,711,737,763,787,794,815,828,829,834,839,837,836,840,852,855,863,896
Castro Marim,813,812,805,802,791,793,795,801,810,812,823,845,864,878,894,905,924,936,937,932,924,928,947,960
Faro,7182,7437,7638,7795,7931,8060,8216,8374,8475,8591,8684,8704,8704,8722,8807,8880,8970,9045,9127,9224,9283,9402,9608,9884
Lagoa,2504,2576,2634,2694,2746,2806,2876,2922,2953,2979,3008,3068,3150,3236,3319,3390,3451,3491,3539,3592,3611,3620,3662,3726
Lagos,2982,3095,3209,3288,3394,3501,3593,3683,3776,3881,4046,4191,4293,4434,4589,4737,4838,4891,4961,5009,4962,4921,4931,4966
Loulé,6978,7179,7343,7457,7596,7790,7979,8188,8425,8798,9094,9229,9416,9599,9748,9883,10043,10166,10302,10370,10322,10385,10531,10675
Monchique,838,830,815,812,817,817,818,822,829,844,868,882,888,892,897,900,909,919,909,893,874,850,828,803
Olhão,4973,5085,5159,5228,5304,5340,5394,5463,5474,5488,5508,5542,5614,5677,5709,5776,5849,5885,5936,6013,6084,6185,6311,6433
Portimão,5749,5975,6201,6357,6455,6539,6616,6668,6714,6886,7071,7147,7188,7240,7312,7397,7509,7637,7826,7962,8046,8246,8503,8788
São Brás de Alportel,1102,1144,1181,1178,1182,1201,1216,1235,1272,1315,1333,1337,1344,1385,1417,1442,1494,1524,1537,1549,1566,1593,1643,1699
Silves,3958,4044,4125,4189,4257,4341,4404,4451,4509,4638,4765,4851,4932,5005,5081,5149,5218,5253,5285,5327,5330,5327,5343,5393
Tavira,3174,3207,3201,3202,3232,3259,3274,3284,3308,3323,3380,3490,3589,3670,3738,3789,3852,3901,3898,3895,3892,3870,3867,3902
Vila do Bispo,731,719,704,680,664,661,654,652,652,672,706,734,750,760,776,797,817,825,828,832,839,845,858,871
Vila Real de Santo António,2253,2313,2361,2392,2425,2476,2514,2531,2565,2614,2653,2662,2658,2667,2660,2640,2621,2596,2568,2563,2554,2562,2612,2667
Vila do Porto,514,544,563,583,604,612,633,673,705,720,740,757,777,791,798,812,826,819,802,796,795,791,789,789
Lagoa [R.A.A.],1141,1167,1180,1181,1203,1234,1269,1308,1354,1418,1489,1561,1632,1704,1762,1809,1860,1905,1942,1958,1981,2028,2095,2163
Nordeste,449,469,487,501,519,531,542,561,581,587,606,619,631,657,668,675,690,708,715,715,703,699,694,693
Ponta Delgada,5991,6249,6465,6625,6766,6962,7209,7452,7733,8082,8359,8570,8824,9044,9267,9463,9587,9702,9794,9792,9753,9793,9906,10077
Povoação,600,615,629,633,635,639,648,665,686,719,752,772,802,840,869,899,927,938,934,930,926,927,912,898
Ribeira Grande,1930,2013,2094,2183,2273,2376,2520,2686,2861,3024,3177,3309,3433,3543,3638,3734,3820,3881,3935,3974,3992,4053,4125,4211
Vila Franca do Campo,885,916,939,941,955,996,1042,1080,1125,1181,1241,1286,1334,1380,1419,1454,1471,1506,1533,1522,1523,1548,1551,1556
Angra do Heroísmo,3651,3777,3926,4042,4147,4255,4361,4487,4600,4700,4782,4836,4877,4926,4972,4983,5002,4995,4959,4936,4926,4951,4962,4924
Vila da Praia da Vitória,2044,2114,2189,2260,2297,2354,2444,2551,2656,2744,2818,2893,2977,3047,3107,3118,3093,3071,3043,2987,2923,2888,2863,2832
Santa Cruz da Graciosa,494,500,505,516,517,524,533,537,548,556,566,583,595,602,611,606,602,605,593,581,569,558,544,541
Calheta [R.A.A.],436,442,445,454,460,466,479,488,498,507,504,502,500,502,510,505,492,492,503,508,510,509,519,518
Velas,577,579,583,595,605,611,618,638,653,658,671,700,721,739,758,769,776,782,780,770,758,750,755,761
Lajes do Pico,633,636,634,621,618,614,612,618,620,601,600,614,629,644,655,669,681,683,683,685,686,681,672,656
Madalena,645,670,687,711,735,741,747,755,758,756,763,799,834,847,853,869,881,889,908,919,912,904,905,914
São Roque do Pico,366,372,378,384,391,399,420,446,455,459,463,468,479,494,513,529,524,514,508,500,501,509,507,506
Horta,1617,1668,1715,1753,1756,1767,1785,1797,1818,1844,1882,1926,1956,1975,2024,2069,2078,2090,2134,2172,2169,2173,2190,2199
Lajes das Flores,183,190,189,178,171,173,179,187,190,189,193,194,199,209,215,223,228,227,229,231,232,235,238,242
Santa Cruz das Flores,256,262,267,268,273,286,293,297,298,305,310,310,314,314,314,308,304,302,300,303,312,322,327,335
Corvo,43,46,52,54,50,50,53,52,51,54,56,56,55,56,58,60,60,59,61,64,71,78,79,77
Calheta [R.A.M.],1202,1191,1186,1181,1171,1185,1220,1251,1293,1344,1383,1420,1459,1507,1572,1630,1678,1724,1745,1749,1742,1751,1773,1790
Câmara de Lobos,2626,2697,2764,2857,2979,3073,3165,3264,3356,3496,3675,3847,4018,4226,4424,4584,4722,4865,4980,5026,5045,5064,5090,5131
Funchal,11322,11711,12090,12431,12807,13192,13583,13974,14403,15049,15654,15954,16292,16714,17089,17388,17600,17748,17873,17865,17645,17500,17394,17270
Machico,1978,2065,2161,2261,2360,2449,2557,2685,2805,2921,3024,3097,3168,3224,3285,3361,3406,3430,3431,3414,3394,3387,3378,3363
Ponta do Sol,789,780,776,754,752,758,763,780,804,849,907,952,1014,1085,1134,1180,1237,1308,1374,1392,1374,1374,1394,1425
Porto Moniz,337,343,340,340,340,337,335,327,323,323,328,330,328,338,357,384,397,398,404,407,397,391,395,397
Ribeira Brava,1165,1209,1261,1291,1309,1336,1365,1402,1443,1487,1524,1554,1601,1664,1727,1792,1875,1950,2002,2026,2021,2026,2046,2081
Santa Cruz,2663,2772,2914,3096,3255,3387,3515,3674,3904,4310,4700,4923,5149,5364,5569,5815,6083,6321,6526,6674,6797,6948,7099,7305
Santana,939,937,928,919,928,950,978,1002,1018,1037,1059,1075,1103,1132,1160,1172,1171,1162,1149,1129,1092,1057,1014,979
São Vicente,701,699,688,679,681,686,699,708,702,706,722,743,758,769,779,790,793,800,811,803,774,741,731,731
Porto Santo,411,425,440,460,482,504,532,558,590,639,698,732,769,829,872,907,938,963,972,958,944,946,951,948
